division,route_line,sequence,station_code,station_name,distance_km_from_origin
CHENNAI,West Line (MAS-JTJ),1,MAS,MGR Chennai Central,
CHENNAI,West Line (MAS-JTJ),2,BBQ,Basin Bridge Junction,
CHENNAI,West Line (MAS-JTJ),3,VJM,Vyasarpadi Jeeva,
CHENNAI,West Line (MAS-JTJ),4,PER,Perambur,
CHENNAI,West Line (MAS-JTJ),5,PCW,Perambur Carriage Works,
CHENNAI,West Line (MAS-JTJ),6,PEW,Perambur Loco Works,
CHENNAI,West Line (MAS-JTJ),7,VLK,Villivakkam,
CHENNAI,West Line (MAS-JTJ),8,KOTR,Korattur,
CHENNAI,West Line (MAS-JTJ),9,PVM,Pataravakkam,
CHENNAI,West Line (MAS-JTJ),10,ABU,Ambattur,
CHENNAI,West Line (MAS-JTJ),11,TMVL,Tirumullaivayil,
CHENNAI,West Line (MAS-JTJ),12,ANNR,Annanur,
CHENNAI,West Line (MAS-JTJ),13,AVD,Avadi,
CHENNAI,West Line (MAS-JTJ),14,HC,Hindu College,
CHENNAI,West Line (MAS-JTJ),15,PAB,Patabiram,
CHENNAI,West Line (MAS-JTJ),16,PTMS,Patabiram Military Siding,
CHENNAI,West Line (MAS-JTJ),17,NEC,Nemilichery,
CHENNAI,West Line (MAS-JTJ),18,TI,Tiruninravur,
CHENNAI,West Line (MAS-JTJ),19,VEU,Veppampattu,
CHENNAI,West Line (MAS-JTJ),20,SVR,Sevvpet Road,
CHENNAI,West Line (MAS-JTJ),21,PTLR,Putlur,
CHENNAI,West Line (MAS-JTJ),22,TRL,Tiruvallur,
CHENNAI,West Line (MAS-JTJ),23,EGT,Egattur,
CHENNAI,West Line (MAS-JTJ),24,KBT,Kadambattur,
CHENNAI,West Line (MAS-JTJ),25,SPAM,Senji Panambakkam,
CHENNAI,West Line (MAS-JTJ),26,MAF,Manavur,
CHENNAI,West Line (MAS-JTJ),27,TO,Tiruvalangadu,
CHENNAI,West Line (MAS-JTJ),28,MSU,Mosur,
CHENNAI,West Line (MAS-JTJ),29,PLMG,Puliyamangalam,
CHENNAI,West Line (MAS-JTJ),30,AJJ,Arakkonam Junction,
CHENNAI,West Line (MAS-JTJ),31,CTRE,Chiteri,
CHENNAI,West Line (MAS-JTJ),32,AVN,Anavardikhanpet,
CHENNAI,West Line (MAS-JTJ),33,MDVE,Mahendravadi,
CHENNAI,West Line (MAS-JTJ),34,SHU,Sholinghur,
CHENNAI,West Line (MAS-JTJ),35,TUG,Thalangai,
CHENNAI,West Line (MAS-JTJ),36,WJR,Walajah Road Junction,
CHENNAI,West Line (MAS-JTJ),37,MCN,Mukundarayapuram,
CHENNAI,West Line (MAS-JTJ),38,THL,Tiruvalam,
CHENNAI,West Line (MAS-JTJ),39,SVUR,Sevur,
CHENNAI,West Line (MAS-JTJ),40,KPD,Katpadi Junction,
CHENNAI,West Line (MAS-JTJ),41,LTI,Lateri,
CHENNAI,West Line (MAS-JTJ),42,VJ,Virinchipuram,
CHENNAI,West Line (MAS-JTJ),43,KVN,Kavanur,
CHENNAI,West Line (MAS-JTJ),44,GYM,Gudiyatam,
CHENNAI,West Line (MAS-JTJ),45,MEH,Melalathur,
CHENNAI,West Line (MAS-JTJ),46,VLT,Valathoor,
CHENNAI,West Line (MAS-JTJ),47,MPI,Melpati,
CHENNAI,West Line (MAS-JTJ),48,PCV,Pachakuppam,
CHENNAI,West Line (MAS-JTJ),49,AB,Ambur,
CHENNAI,West Line (MAS-JTJ),50,VGM,Vinnamangalam,
CHENNAI,West Line (MAS-JTJ),51,VN,Vaniyambadi,
CHENNAI,West Line (MAS-JTJ),52,KDY,Ketandapatti,
CHENNAI,West Line (MAS-JTJ),53,JTJ,Jolarpettai Junction,
CHENNAI,North Line (MAS-GDR),1,TNP,Tondiarpet,
CHENNAI,North Line (MAS-GDR),2,KOK,Korukkupet,
CHENNAI,North Line (MAS-GDR),3,TVT,Tiruvottiyur,
CHENNAI,North Line (MAS-GDR),4,WCN,Wimco Nagar,
CHENNAI,North Line (MAS-GDR),5,KAVM,Kathivakkam,
CHENNAI,North Line (MAS-GDR),6,ENR,Ennore,
CHENNAI,North Line (MAS-GDR),7,AIP,Atipattu,
CHENNAI,North Line (MAS-GDR),8,AIPP,Atipattu Pudu Nagar,
CHENNAI,North Line (MAS-GDR),9,NPKM,Nandiambakkam,
CHENNAI,North Line (MAS-GDR),10,MJR,Minjur,
CHENNAI,North Line (MAS-GDR),11,APB,Anuppampattu,
CHENNAI,North Line (MAS-GDR),12,PON,Ponneri,
CHENNAI,North Line (MAS-GDR),13,KVP,Kavaraipettai,
CHENNAI,North Line (MAS-GDR),14,GPD,Gummidipundi,
CHENNAI,North Line (MAS-GDR),15,ELR,Elavur,
CHENNAI,North Line (MAS-GDR),16,AKM,Arambakkam,
CHENNAI,North Line (MAS-GDR),17,TADA,Tada,
CHENNAI,North Line (MAS-GDR),18,SPE,Sullurupeta,
CHENNAI,North Line (MAS-GDR),19,PEL,Polireddipalem,
CHENNAI,North Line (MAS-GDR),20,DVR,Doravari Chatram,
CHENNAI,North Line (MAS-GDR),21,NYP,Nayudupeta,
CHENNAI,North Line (MAS-GDR),22,PYA,Pedapariya,
CHENNAI,North Line (MAS-GDR),23,ODUR,Odur,
CHENNAI,North Line (MAS-GDR),24,GDR,Gudur Junction,
CHENNAI,South Line (MS-VM),1,MS,Chennai Egmore,
CHENNAI,South Line (MS-VM),2,MSC,Chetpet,
CHENNAI,South Line (MS-VM),3,NBK,Nungambakkam,
CHENNAI,South Line (MS-VM),4,MKK,Kodambakkam,
CHENNAI,South Line (MS-VM),5,MBM,Mambalam,
CHENNAI,South Line (MS-VM),6,SP,Saidapet,
CHENNAI,South Line (MS-VM),7,GDY,Guindy,
CHENNAI,South Line (MS-VM),8,STM,St Thomas Mount,
CHENNAI,South Line (MS-VM),9,PZA,Palavanthangal,
CHENNAI,South Line (MS-VM),10,MN,Minambakkam,
CHENNAI,South Line (MS-VM),11,TLM,Tirusulam,
CHENNAI,South Line (MS-VM),12,PV,Pallavaram,
CHENNAI,South Line (MS-VM),13,CMP,Chromepet,
CHENNAI,South Line (MS-VM),14,TBMS,Tambaram Sanatorium,
CHENNAI,South Line (MS-VM),15,TBM,Tambaram,
CHENNAI,South Line (MS-VM),16,PRGL,Perungalathur,
CHENNAI,South Line (MS-VM),17,VDR,Vandalur,
CHENNAI,South Line (MS-VM),18,UPM,Urappakkam,
CHENNAI,South Line (MS-VM),19,GI,Guduvancheri,
CHENNAI,South Line (MS-VM),20,POTI,Potheri,
CHENNAI,South Line (MS-VM),21,CTM,Katangulattur,
CHENNAI,South Line (MS-VM),22,MMNK,Maraimalai Nagar Kamarajar,
CHENNAI,South Line (MS-VM),23,SKL,Singaperumal Koil,
CHENNAI,South Line (MS-VM),24,PWU,Paranur,
CHENNAI,South Line (MS-VM),25,CGL,Chengalpattu Junction,
CHENNAI,South Line (MS-VM),26,TRM,Tirumani,
CHENNAI,South Line (MS-VM),27,OV,Otivakkam,
CHENNAI,South Line (MS-VM),28,PTM,Padalam,
CHENNAI,South Line (MS-VM),29,KGZ,Karunguzhi,
CHENNAI,South Line (MS-VM),30,MMK,Madurantakam,
CHENNAI,South Line (MS-VM),31,PAK,Pakkam,
CHENNAI,South Line (MS-VM),32,MLMR,Melmaruvathur,
CHENNAI,South Line (MS-VM),33,ACK,Acharapakkam,
CHENNAI,South Line (MS-VM),34,TZD,Tozhuppu,
CHENNAI,South Line (MS-VM),35,OLA,Olakkur,
CHENNAI,South Line (MS-VM),36,TMV,Tindivanam,
CHENNAI,South Line (MS-VM),37,MTL,Mailam,
CHENNAI,South Line (MS-VM),38,PEI,Perani,
CHENNAI,South Line (MS-VM),39,VV,Vikravandi,
CHENNAI,MRTS (MSB-VLCY),1,MSB,Chennai Beach,
CHENNAI,MRTS (MSB-VLCY),2,MSF,Chennai Fort,
CHENNAI,MRTS (MSB-VLCY),3,MPK,Chennai Park Town,
CHENNAI,MRTS (MSB-VLCY),4,MCPT,Chintadripet,
CHENNAI,MRTS (MSB-VLCY),5,MCPK,Chepauk,
CHENNAI,MRTS (MSB-VLCY),6,MTCN,Tirullikeni,
CHENNAI,MRTS (MSB-VLCY),7,MLHS,Light House,
CHENNAI,MRTS (MSB-VLCY),8,MKAK,Mundakakanni Amman Koil,
CHENNAI,MRTS (MSB-VLCY),9,MTMY,Thirumayilai,
CHENNAI,MRTS (MSB-VLCY),10,MNDY,Mandaveli,
CHENNAI,MRTS (MSB-VLCY),11,GWYR,Greenways Road,
CHENNAI,MRTS (MSB-VLCY),12,KTPM,Kotturpuram,
CHENNAI,MRTS (MSB-VLCY),13,KTBR,Kasturibai Nagar,
CHENNAI,MRTS (MSB-VLCY),14,INDR,Indira Nagar,
CHENNAI,MRTS (MSB-VLCY),15,TYMR,Tiruvanmiyur,
CHENNAI,MRTS (MSB-VLCY),16,TRMN,Taramani,
CHENNAI,MRTS (MSB-VLCY),17,PRGD,Perungudi,
CHENNAI,MRTS (MSB-VLCY),18,VLCY,Velachery,
CHENNAI,Kanchipuram Line (AJJ-CGL),1,AJJ,Arakkonam Junction,
CHENNAI,Kanchipuram Line (AJJ-CGL),2,TKO,Takkolam,
CHENNAI,Kanchipuram Line (AJJ-CGL),3,TMLP,Tirumalpur,
CHENNAI,Kanchipuram Line (AJJ-CGL),4,CJ,Kanchipuram,
CHENNAI,Kanchipuram Line (AJJ-CGL),5,CJE,Kanchipuram East,
CHENNAI,Kanchipuram Line (AJJ-CGL),6,NTT,Nathapettai,
CHENNAI,Kanchipuram Line (AJJ-CGL),7,WJ,Walajabad,
CHENNAI,Kanchipuram Line (AJJ-CGL),8,PYV,Pazhaya Seevaram,
CHENNAI,Kanchipuram Line (AJJ-CGL),9,PALR,Palur,
CHENNAI,Kanchipuram Line (AJJ-CGL),10,VB,Villiyambakkam,
CHENNAI,Kanchipuram Line (AJJ-CGL),11,RDY,Reddipalaiyam,
CHENNAI,Kanchipuram Line (AJJ-CGL),12,CGL,Chengalpattu Junction,
CHENNAI,Arakkonam-Renigunta Border,1,AJJ,Arakkonam Junction,
CHENNAI,Arakkonam-Renigunta Border,2,TRT,Tiruttani,
CHENNAI,Arakkonam-Renigunta Border,3,POI,Ponpadi,
CHENNAI,Arakkonam-Renigunta Border,4,VKZ,Venkatanarasimharajuvaripeta,
CHENNAI,Arakkonam-Renigunta Border,5,NG,Nagari,
CHENNAI,Arakkonam-Renigunta Border,6,EKM,Ekambarakuppam,
CHENNAI,Arakkonam-Renigunta Border,7,VGA,Vepagunta,
CHENNAI,Arakkonam-Renigunta Border,8,PUT,Puttur,
CHENNAI,Arakkonam-Renigunta Border,9,TDK,Taduku,
CHENNAI,Arakkonam-Renigunta Border,10,PUDI,Pudi,
SALEM,Main Line (JTJ-SA-ED-CBE),1,JTJ,Jolarpettai Junction,
SALEM,Main Line (JTJ-SA-ED-CBE),2,TPT,Tirupattur,
SALEM,Main Line (JTJ-SA-ED-CBE),3,MOLK,Molakarampatti,
SALEM,Main Line (JTJ-SA-ED-CBE),4,KEY,Kagankarai,
SALEM,Main Line (JTJ-SA-ED-CBE),5,KNNT,Kunnathur,
SALEM,Main Line (JTJ-SA-ED-CBE),6,SLY,Samalpatti,
SALEM,Main Line (JTJ-SA-ED-CBE),7,DST,Dasampatti,
SALEM,Main Line (JTJ-SA-ED-CBE),8,DPI,Doddampatti,
SALEM,Main Line (JTJ-SA-ED-CBE),9,MAP,Morappur,
SALEM,Main Line (JTJ-SA-ED-CBE),10,TNGR,Thonganur,
SALEM,Main Line (JTJ-SA-ED-CBE),11,BDY,Buddireddipatti,
SALEM,Main Line (JTJ-SA-ED-CBE),12,BQI,Bommidi,
SALEM,Main Line (JTJ-SA-ED-CBE),13,LCR,Lokur,
SALEM,Main Line (JTJ-SA-ED-CBE),14,DSPT,Danishpet,
SALEM,Main Line (JTJ-SA-ED-CBE),15,TNT,Tinnappatti,
SALEM,Main Line (JTJ-SA-ED-CBE),16,KPPR,Karuppur,
SALEM,Main Line (JTJ-SA-ED-CBE),17,MGSJ,Magnesite Junction,
SALEM,Main Line (JTJ-SA-ED-CBE),18,SA,Salem Junction,
SALEM,Main Line (JTJ-SA-ED-CBE),19,NEA,Neykkarapatti,
SALEM,Main Line (JTJ-SA-ED-CBE),20,VRPD,Virapandy Road,
SALEM,Main Line (JTJ-SA-ED-CBE),21,DC,Magudanchavadi,
SALEM,Main Line (JTJ-SA-ED-CBE),22,MVPM,Mavelipalayam,
SALEM,Main Line (JTJ-SA-ED-CBE),23,SGE,Sankaridurg,
SALEM,Main Line (JTJ-SA-ED-CBE),24,ANU,Anangur,
SALEM,Main Line (JTJ-SA-ED-CBE),25,CV,Cauvery,
SALEM,Main Line (JTJ-SA-ED-CBE),26,ED,Erode Junction,
SALEM,Main Line (JTJ-SA-ED-CBE),27,TPM,Totiyapalayam,
SALEM,Main Line (JTJ-SA-ED-CBE),28,PY,Perundurai,
SALEM,Main Line (JTJ-SA-ED-CBE),29,IGR,Ingur,
SALEM,Main Line (JTJ-SA-ED-CBE),30,VZ,Vijayamangalam,
SALEM,Main Line (JTJ-SA-ED-CBE),31,UKL,Uttukuli,
SALEM,Main Line (JTJ-SA-ED-CBE),32,KUY,Kulipalayam,
SALEM,Main Line (JTJ-SA-ED-CBE),33,TUP,Tiruppur,
SALEM,Main Line (JTJ-SA-ED-CBE),34,VNJ,Vanjipalayam,
SALEM,Main Line (JTJ-SA-ED-CBE),35,SNO,Somanur,
SALEM,Main Line (JTJ-SA-ED-CBE),36,SUU,Sulur Road,
SALEM,Main Line (JTJ-SA-ED-CBE),37,IGU,Irugur Junction,
SALEM,Main Line (JTJ-SA-ED-CBE),38,SIH,Singanallur,
SALEM,Main Line (JTJ-SA-ED-CBE),39,PLMD,Pilamedu,
SALEM,Main Line (JTJ-SA-ED-CBE),40,CBF,Coimbatore North Junction,
SALEM,Main Line (JTJ-SA-ED-CBE),41,CBE,Coimbatore Junction,
SALEM,Salem-Namakkal-Karur-Dindigul,1,SA,Salem Junction,
SALEM,Salem-Namakkal-Karur-Dindigul,2,MALR,Mallur,
SALEM,Salem-Namakkal-Karur-Dindigul,3,RASP,Rasipuram,
SALEM,Salem-Namakkal-Karur-Dindigul,4,KLGN,Kalangani,
SALEM,Salem-Namakkal-Karur-Dindigul,5,NMKL,Namakkal,
SALEM,Salem-Namakkal-Karur-Dindigul,6,MONR,Mohanur,
SALEM,Salem-Namakkal-Karur-Dindigul,7,VNGL,Vangal,
SALEM,Salem-Namakkal-Karur-Dindigul,8,KRR,Karur Junction,
SALEM,Salem-Namakkal-Karur-Dindigul,9,VEI,Velliyanai,
SALEM,Salem-Namakkal-Karur-Dindigul,10,PALM,Palaiyam,
SALEM,Salem-Namakkal-Karur-Dindigul,11,ERI,Eriodu,
SALEM,Salem-Namakkal-Karur-Dindigul,12,DG,Dindigul Junction,
SALEM,Erode-Trichy via Karur,1,ED,Erode Junction,
SALEM,Erode-Trichy via Karur,2,CVD,Chavadipalaiyam,
SALEM,Erode-Trichy via Karur,3,PAS,Pasur,
SALEM,Erode-Trichy via Karur,4,URL,Unjalur,
SALEM,Erode-Trichy via Karur,5,KMD,Kodumudi,
SALEM,Erode-Trichy via Karur,6,PGR,Pugalur,
SALEM,Erode-Trichy via Karur,7,MPLM,Murthipalayam,
SALEM,Erode-Trichy via Karur,8,KRR,Karur Junction,
SALEM,Erode-Trichy via Karur,9,VRQ,Virarakkiyam,
SALEM,Erode-Trichy via Karur,10,MYU,Mayanoor,
SALEM,Erode-Trichy via Karur,11,SEV,Sithalavai,
SALEM,Erode-Trichy via Karur,12,MMH,Mahadanapuram,
SALEM,Erode-Trichy via Karur,13,LP,Lalapet,
SALEM,Erode-Trichy via Karur,14,TIC,Timmachipuram,
SALEM,Erode-Trichy via Karur,15,KLT,Kulitalai,
SALEM,Erode-Trichy via Karur,16,PLI,Pettaivaytalai,
SALEM,Erode-Trichy via Karur,17,PGN,Perugamani,
SALEM,Erode-Trichy via Karur,18,EL,Elamanur,
SALEM,Erode-Trichy via Karur,19,JPM,Jiyapuram,
SALEM,Erode-Trichy via Karur,20,MTNL,Muttarasanallur,
SALEM,Erode-Trichy via Karur,21,TP,Tiruchirappalli Fort,
SALEM,Erode-Trichy via Karur,22,TPE,Tiruchchirappalli Palakkarai,
SALEM,Erode-Trichy via Karur,23,TPJ,Tiruchirappalli Junction,
SALEM,Salem-Vridhachalam,1,SA,Salem Junction,
SALEM,Salem-Vridhachalam,2,SXT,Salem Town,
SALEM,Salem-Vridhachalam,3,APN,Ayodhyapattanam,
SALEM,Salem-Vridhachalam,4,MPL,Minnampalli,
SALEM,Salem-Vridhachalam,5,VGE,Valappadi Gate,
SALEM,Salem-Vridhachalam,6,ETP,Ettapur Road,
SALEM,Salem-Vridhachalam,7,PDKM,Pedanayakanpalayam,
SALEM,Salem-Vridhachalam,8,ATU,Attur,
SALEM,Salem-Vridhachalam,9,TVS,Talaivasal,
SALEM,Salem-Vridhachalam,10,MLYR,Melnariyappanur,
SALEM,Salem-Vridhachalam,11,CHSM,Chinna Salem,
SALEM,Salem-Vridhachalam,12,SRVT,Siruvattur,
SALEM,Salem-Vridhachalam,13,PRV,Pukkiravari,
SALEM,Salem-Vridhachalam,14,KKTI,Kuttakudi,
SALEM,Salem-Vridhachalam,15,MKSP,Mukhasaparur,
SALEM,Salem-Vridhachalam,16,VRI,Vridhachalam Junction,
SALEM,Salem-KSR Bengaluru (via DPJ),1,SA,Salem Junction,0.0
SALEM,Salem-KSR Bengaluru (via DPJ),2,OML,Omalur Junction,11.0
SALEM,Salem-KSR Bengaluru (via DPJ),3,TGN,Tholasampatti,19.0
SALEM,Salem-KSR Bengaluru (via DPJ),4,TOP,Toppur,34.0
SALEM,Salem-KSR Bengaluru (via DPJ),5,DPJ,Dharmappuri,66.0
SALEM,Salem-KSR Bengaluru (via DPJ),6,PCV,Palakkodu,92.0
SALEM,Salem-KSR Bengaluru (via DPJ),7,RYC,Rayakottai,124.0
SALEM,Salem-KSR Bengaluru (via DPJ),8,HSRA,Hosur,159.0
SALEM,Salem-KSR Bengaluru (via DPJ),9,AQL,Anekal Road,173.0
SALEM,Salem-KSR Bengaluru (via DPJ),10,HLE,Heelalige,183.0
SALEM,Salem-KSR Bengaluru (via DPJ),11,CRLM,Carmelaram,193.0
SALEM,Salem-KSR Bengaluru (via DPJ),12,BYPL,Baiyappanahalli,200.0
SALEM,Salem-KSR Bengaluru (via DPJ),13,BNCE,Bengaluru East,203.0
SALEM,Salem-KSR Bengaluru (via DPJ),14,BNC,Bengaluru Cantt.,205.0
SALEM,Salem-KSR Bengaluru (via DPJ),15,SBC,KSR Bengaluru City,209.0
SALEM,Salem-SMVT Bengaluru (via DPJ),1,SA,Salem Junction,0.0
SALEM,Salem-SMVT Bengaluru (via DPJ),2,OML,Omalur Junction,11.0
SALEM,Salem-SMVT Bengaluru (via DPJ),3,TGN,Tholasampatti,19.0
SALEM,Salem-SMVT Bengaluru (via DPJ),4,TOP,Toppur,34.0
SALEM,Salem-SMVT Bengaluru (via DPJ),5,DPJ,Dharmappuri,66.0
SALEM,Salem-SMVT Bengaluru (via DPJ),6,PCV,Palakkodu,92.0
SALEM,Salem-SMVT Bengaluru (via DPJ),7,RYC,Rayakottai,124.0
SALEM,Salem-SMVT Bengaluru (via DPJ),8,HSRA,Hosur,159.0
SALEM,Salem-SMVT Bengaluru (via DPJ),9,AQL,Anekal Road,173.0
SALEM,Salem-SMVT Bengaluru (via DPJ),10,HLE,Heelalige,183.0
SALEM,Salem-SMVT Bengaluru (via DPJ),11,CRLM,Carmelaram,193.0
SALEM,Salem-SMVT Bengaluru (via DPJ),12,BYPL,Baiyappanahalli,200.0
SALEM,Salem-SMVT Bengaluru (via DPJ),13,SMVB,SMVT Bengaluru,211.0
SALEM,Salem-Yesvantpur (via DPJ),1,SA,Salem Junction,0.0
SALEM,Salem-Yesvantpur (via DPJ),2,OML,Omalur Junction,11.0
SALEM,Salem-Yesvantpur (via DPJ),3,TGN,Tholasampatti,19.0
SALEM,Salem-Yesvantpur (via DPJ),4,TOP,Toppur,34.0
SALEM,Salem-Yesvantpur (via DPJ),5,DPJ,Dharmappuri,66.0
SALEM,Salem-Yesvantpur (via DPJ),6,PCV,Palakkodu,92.0
SALEM,Salem-Yesvantpur (via DPJ),7,RYC,Rayakottai,124.0
SALEM,Salem-Yesvantpur (via DPJ),8,HSRA,Hosur,159.0
SALEM,Salem-Yesvantpur (via DPJ),9,AQL,Anekal Road,173.0
SALEM,Salem-Yesvantpur (via DPJ),10,HLE,Heelalige,183.0
SALEM,Salem-Yesvantpur (via DPJ),11,CRLM,Carmelaram,193.0
SALEM,Salem-Yesvantpur (via DPJ),12,BYPL,Baiyappanahalli,200.0
SALEM,Salem-Yesvantpur (via DPJ),13,BNCE,Bengaluru East,203.0
SALEM,Salem-Yesvantpur (via DPJ),14,BNC,Bengaluru Cantt.,205.0
SALEM,Salem-Yesvantpur (via DPJ),15,YPR,Yesvantpur Junction,215.0
SALEM,Salem-Mettur Dam,1,SA,Salem Junction,0.0
SALEM,Salem-Mettur Dam,2,OML,Omalur Junction,11.0
SALEM,Salem-Mettur Dam,3,MCRD,Mecheri Road,27.0
SALEM,Salem-Mettur Dam,4,MTDM,Mettur Dam,40.0
SALEM,Coimbatore-Mettupalayam,1,CBE,Coimbatore Junction,
SALEM,Coimbatore-Mettupalayam,2,TDE,Thudiyalur,
SALEM,Coimbatore-Mettupalayam,3,PKD,Periyanaickenpalayam,
SALEM,Coimbatore-Mettupalayam,4,KAY,Karaimadai,
SALEM,Coimbatore-Mettupalayam,5,MTP,Mettupalayam,
SALEM,Nilgiri Mountain Railway,1,MTP,Mettupalayam,
SALEM,Nilgiri Mountain Railway,2,HLG,Hillgrove,
SALEM,Nilgiri Mountain Railway,3,ONR,Coonoor,
SALEM,Nilgiri Mountain Railway,4,WEL,Wellington,
SALEM,Nilgiri Mountain Railway,5,AVK,Aravankadu,
SALEM,Nilgiri Mountain Railway,6,KXT,Ketti,
SALEM,Nilgiri Mountain Railway,7,LOV,Lovedale,
SALEM,Nilgiri Mountain Railway,8,UAM,Udagamandalam,
PALAKKAD,Coimbatore - Palakkad,1,CBE,Coimbatore Junction,
PALAKKAD,Coimbatore - Palakkad,2,PTJ,Podanur Junction,
PALAKKAD,Coimbatore - Palakkad,3,MDKI,Madukarai,
PALAKKAD,Coimbatore - Palakkad,4,ETMD,Ettimadai,
PALAKKAD,Coimbatore - Palakkad,5,WRA,Walayar,
PALAKKAD,Coimbatore - Palakkad,6,KJKD,Kanjikode,
PALAKKAD,Coimbatore - Palakkad,7,PGT,Palakkad Junction,
PALAKKAD,Palakkad - Irugur (Bypass via Podanur),1,PGT,Palakkad Junction,
PALAKKAD,Palakkad - Irugur (Bypass via Podanur),2,KJKD,Kanjikode,
PALAKKAD,Palakkad - Irugur (Bypass via Podanur),3,WRA,Walayar,
PALAKKAD,Palakkad - Irugur (Bypass via Podanur),4,ETMD,Ettimadai,
PALAKKAD,Palakkad - Irugur (Bypass via Podanur),5,MDKI,Madukarai,
PALAKKAD,Palakkad - Irugur (Bypass via Podanur),6,PTJ,Podanur Junction,
PALAKKAD,Palakkad - Irugur (Bypass via Podanur),7,IGU,Irugur Junction,
PALAKKAD,Palakkad - Shoranur,1,PGT,Palakkad Junction,
PALAKKAD,Palakkad - Shoranur,2,PLL,Parli,
PALAKKAD,Palakkad - Shoranur,3,LDY,Lakkiti,
PALAKKAD,Palakkad - Shoranur,4,OTP,Ottappalam,
PALAKKAD,Palakkad - Shoranur,5,MNUR,Mannanur,
PALAKKAD,Palakkad - Shoranur,6,SRR,Shoranur Junction,
PALAKKAD,Shoranur-Mangalore,1,SRR,Shoranur Junction,
PALAKKAD,Shoranur-Mangalore,2,PTB,Pattambi,
PALAKKAD,Shoranur-Mangalore,3,KODN,Kodumunda,
PALAKKAD,Shoranur-Mangalore,4,PUM,Pallippuram,
PALAKKAD,Shoranur-Mangalore,5,KTU,Kuttippuram,
PALAKKAD,Shoranur-Mangalore,6,TUA,Tirunnavaya,
PALAKKAD,Shoranur-Mangalore,7,TIR,Tirur,
PALAKKAD,Shoranur-Mangalore,8,TA,Tanur,
PALAKKAD,Shoranur-Mangalore,9,PGI,Parappanangadi,
PALAKKAD,Shoranur-Mangalore,10,VLI,Vallikunnu,
PALAKKAD,Shoranur-Mangalore,11,KN,Kadalundi,
PALAKKAD,Shoranur-Mangalore,12,FK,Ferok,
PALAKKAD,Shoranur-Mangalore,13,KUL,Kallayi,
PALAKKAD,Shoranur-Mangalore,14,CLT,Kozhikode,
PALAKKAD,Shoranur-Mangalore,15,VLL,Vellayil,
PALAKKAD,Shoranur-Mangalore,16,WH,West Hill,
PALAKKAD,Shoranur-Mangalore,17,ETR,Elattur,
PALAKKAD,Shoranur-Mangalore,18,CMC,Chemancheri,
PALAKKAD,Shoranur-Mangalore,19,QLD,Quilandi,
PALAKKAD,Shoranur-Mangalore,20,VEK,Vellarakkad,
PALAKKAD,Shoranur-Mangalore,21,TKT,Tikkotti,
PALAKKAD,Shoranur-Mangalore,22,PYQR,Payyoli,
PALAKKAD,Shoranur-Mangalore,23,IGL,Iringal,
PALAKKAD,Shoranur-Mangalore,24,BDJ,Vadakara,
PALAKKAD,Shoranur-Mangalore,25,NAU,Nadapuramold,
PALAKKAD,Shoranur-Mangalore,26,MUKE,Mukkali,
PALAKKAD,Shoranur-Mangalore,27,MAHE,Mahe,
PALAKKAD,Shoranur-Mangalore,28,JGE,Jagannath Temple Gate,
PALAKKAD,Shoranur-Mangalore,29,TLY,Thalassery,
PALAKKAD,Shoranur-Mangalore,30,DMD,Dharmadam,
PALAKKAD,Shoranur-Mangalore,31,ETK,Etakkot,
PALAKKAD,Shoranur-Mangalore,32,CS,Kannur South,
PALAKKAD,Shoranur-Mangalore,33,CAN,Kannur,
PALAKKAD,Shoranur-Mangalore,34,VAPM,Valapattanam,
PALAKKAD,Shoranur-Mangalore,35,PPNS,Pappinisseri,
PALAKKAD,Shoranur-Mangalore,36,KPQ,Kannapuram,
PALAKKAD,Shoranur-Mangalore,37,PAZ,Payangadi,
PALAKKAD,Shoranur-Mangalore,38,ELM,Ezhimala,
PALAKKAD,Shoranur-Mangalore,39,PAY,Payyanur,
PALAKKAD,Shoranur-Mangalore,40,TKQ,Trikarpur,
PALAKKAD,Shoranur-Mangalore,41,CHV,Charvattur,
PALAKKAD,Shoranur-Mangalore,42,NLE,Nileshwar,
PALAKKAD,Shoranur-Mangalore,43,KZE,Kanhangad,
PALAKKAD,Shoranur-Mangalore,44,BFR,Bekal Fort,
PALAKKAD,Shoranur-Mangalore,45,KQK,Kotikulam,
PALAKKAD,Shoranur-Mangalore,46,KLAD,Kalanad,
PALAKKAD,Shoranur-Mangalore,47,KGQ,Kasaragod,
PALAKKAD,Shoranur-Mangalore,48,KMQ,Kumbala,
PALAKKAD,Shoranur-Mangalore,49,UAA,Uppala,
PALAKKAD,Shoranur-Mangalore,50,MJS,Manjeshwar,
PALAKKAD,Shoranur-Mangalore,51,ULL,Ullal,
PALAKKAD,Shoranur-Mangalore,52,MAQ,Mangalore Central,
PALAKKAD,Shoranur-Mangalore,53,MAJN,Mangalore Junction,
PALAKKAD,Shoranur-Mangalore,54,PNMB,Panambur,
PALAKKAD,Shoranur-Mangalore,55,TOK,Thokur,
PALAKKAD,Shoranur-Mangalore,56,JOKT,Jokatte,
PALAKKAD,Palakkad-Pollachi,1,PGT,Palakkad Junction,
PALAKKAD,Palakkad-Pollachi,2,PGTN,Palakkad Town,
PALAKKAD,Palakkad-Pollachi,3,PDGM,Pudunagaram,
PALAKKAD,Palakkad-Pollachi,4,VDK,Vadakannikapuram,
PALAKKAD,Palakkad-Pollachi,5,KLGD,Kollengode,
PALAKKAD,Palakkad-Pollachi,6,MMDA,Muthalamada,
PALAKKAD,Palakkad-Pollachi,7,MXM,Minatchipuram,
PALAKKAD,Palakkad-Pollachi,8,POY,Pollachi Junction,
PALAKKAD,Shoranur-Nilambur,1,SRR,Shoranur Junction,
PALAKKAD,Shoranur-Nilambur,2,VDKS,Vadanamkurushi,
PALAKKAD,Shoranur-Nilambur,3,VPZ,Vallapuzha,
PALAKKAD,Shoranur-Nilambur,4,KZC,Kulukkallur,
PALAKKAD,Shoranur-Nilambur,5,CQA,Cherukara,
PALAKKAD,Shoranur-Nilambur,6,AAM,Angadipuram,
PALAKKAD,Shoranur-Nilambur,7,PKQ,Pattikkad,
PALAKKAD,Shoranur-Nilambur,8,MLTR,Melattur,
PALAKKAD,Shoranur-Nilambur,9,TUV,Tuvvur,
PALAKKAD,Shoranur-Nilambur,10,TDPM,Todiyapulam,
PALAKKAD,Shoranur-Nilambur,11,VNB,Vaniyambalam,
PALAKKAD,Shoranur-Nilambur,12,NIL,Nilambur Road,
TVC,Main Line (via Kottayam),1,SRR,Shoranur Junction,
TVC,Main Line (via Kottayam),2,VTK,Vallathol Nagar,
TVC,Main Line (via Kottayam),3,MUC,Mullurkara,
TVC,Main Line (via Kottayam),4,WKI,Wadakancheri,
TVC,Main Line (via Kottayam),5,MGK,Mulagunnathukavu,
TVC,Main Line (via Kottayam),6,PNQ,Punkunnam,
TVC,Main Line (via Kottayam),7,TCR,Thrissur,
TVC,Main Line (via Kottayam),8,OLR,Ollur,
TVC,Main Line (via Kottayam),9,PUK,Pudukkad,
TVC,Main Line (via Kottayam),10,NYI,Nellayi,
TVC,Main Line (via Kottayam),11,IJK,Irinjalakuda,
TVC,Main Line (via Kottayam),12,CKI,Chalakudi,
TVC,Main Line (via Kottayam),13,DINR,Divine Nagar,
TVC,Main Line (via Kottayam),14,KRAN,Koratti Angadi,
TVC,Main Line (via Kottayam),15,KUC,Karukkutty,
TVC,Main Line (via Kottayam),16,AFK,Angamaly,
TVC,Main Line (via Kottayam),17,CWR,Chovvara,
TVC,Main Line (via Kottayam),18,AWY,Aluva,
TVC,Main Line (via Kottayam),19,KLMR,Kalamassery,
TVC,Main Line (via Kottayam),20,IPL,Idappally,
TVC,Main Line (via Kottayam),21,ERN,Ernakulam Town,
TVC,Main Line (via Kottayam),22,ERS,Ernakulam Junction,
TVC,Main Line (via Kottayam),23,TRTR,Thrippunithura,
TVC,Main Line (via Kottayam),24,KFE,Chottanikkara Road,
TVC,Main Line (via Kottayam),25,MNTT,Mulanturutti,
TVC,Main Line (via Kottayam),26,KPTM,Kanjiramittam,
TVC,Main Line (via Kottayam),27,PVRD,Piravom Road,
TVC,Main Line (via Kottayam),28,VARD,Vaikom Road,
TVC,Main Line (via Kottayam),29,KDTY,Kaduturutty,
TVC,Main Line (via Kottayam),30,KRPP,Kuruppanthara,
TVC,Main Line (via Kottayam),31,ETM,Ettumanur,
TVC,Main Line (via Kottayam),32,KFQ,Kumaranallur,
TVC,Main Line (via Kottayam),33,KTYM,Kottayam,
TVC,Main Line (via Kottayam),34,CGY,Changanassery,
TVC,Main Line (via Kottayam),35,TRVL,Tiruvalla,
TVC,Main Line (via Kottayam),36,CNGR,Chengannur,
TVC,Main Line (via Kottayam),37,CYN,Cheriyanad,
TVC,Main Line (via Kottayam),38,MVLK,Mavelikara,
TVC,Main Line (via Kottayam),39,KYJ,Kayamkulam Junction,
TVC,Main Line (via Kottayam),40,OCR,Ochira,
TVC,Main Line (via Kottayam),41,KPY,Karunagappally,
TVC,Main Line (via Kottayam),42,STKT,Sasthankotta,
TVC,Main Line (via Kottayam),43,MQO,Munroturuttu,
TVC,Main Line (via Kottayam),44,PRND,Perinad,
TVC,Main Line (via Kottayam),45,QLN,Kollam Junction,
TVC,Main Line (via Kottayam),46,IRP,Eravipuram,
TVC,Main Line (via Kottayam),47,MYY,Mayyanad,
TVC,Main Line (via Kottayam),48,PVU,Paravur,
TVC,Main Line (via Kottayam),49,KFI,Kappil,
TVC,Main Line (via Kottayam),50,EVA,Edavai,
TVC,Main Line (via Kottayam),51,VAK,Varkala Sivagiri,
TVC,Main Line (via Kottayam),52,AMY,Akathumuri,
TVC,Main Line (via Kottayam),53,KVU,Kadakavur,
TVC,Main Line (via Kottayam),54,CRY,Chirayinkeezhu,
TVC,Main Line (via Kottayam),55,PGZ,Perunguzhi,
TVC,Main Line (via Kottayam),56,MQU,Murukkampuzha,
TVC,Main Line (via Kottayam),57,KXP,Kaniyapuram,
TVC,Main Line (via Kottayam),58,KZK,Kazhakuttam,
TVC,Main Line (via Kottayam),59,VELI,Veli,
TVC,Main Line (via Kottayam),60,KCVL,Kochuveli,
TVC,Main Line (via Kottayam),61,TVP,Trivandrum Pettah,
TVC,Main Line (via Kottayam),62,TVC,Thiruvananthapuram Central,
TVC,Coastal Line (Alappuzha),1,ERS,Ernakulam Junction,
TVC,Coastal Line (Alappuzha),2,KUMM,Kumbalam,
TVC,Coastal Line (Alappuzha),3,AROR,Aroor Halt,
TVC,Coastal Line (Alappuzha),4,EZP,Ezhupunna,
TVC,Coastal Line (Alappuzha),5,TUVR,Turavur,
TVC,Coastal Line (Alappuzha),6,VAY,Vayalar,
TVC,Coastal Line (Alappuzha),7,SRTL,Cherthala,
TVC,Coastal Line (Alappuzha),8,TRVZ,Tiruvizha,
TVC,Coastal Line (Alappuzha),9,MAKM,Mararikulam,
TVC,Coastal Line (Alappuzha),10,KAVR,Kalavur Halt,
TVC,Coastal Line (Alappuzha),11,TMPY,Tumboli,
TVC,Coastal Line (Alappuzha),12,ALLP,Alappuzha,
TVC,Coastal Line (Alappuzha),13,PNPR,Punnapra,
TVC,Coastal Line (Alappuzha),14,AMPA,Ambalappuzha,
TVC,Coastal Line (Alappuzha),15,TZHI,Takazhi,
TVC,Coastal Line (Alappuzha),16,KVTA,Karuvatta Halt,
TVC,Coastal Line (Alappuzha),17,HAD,Haripad,
TVC,Coastal Line (Alappuzha),18,CHPD,Cheppad,
TVC,Coastal Line (Alappuzha),19,KYJ,Kayamkulam Junction,
TVC,Thiruvananthapuram (TVC) - Kanyakumari (CAPE),1,TVC,Thiruvananthapuram Central,
TVC,Thiruvananthapuram (TVC) - Kanyakumari (CAPE),2,NEM,Nemom,
TVC,Thiruvananthapuram (TVC) - Kanyakumari (CAPE),3,BRAM,Balaramapuram,
TVC,Thiruvananthapuram (TVC) - Kanyakumari (CAPE),4,NYY,Neyyattinkara,
TVC,Thiruvananthapuram (TVC) - Kanyakumari (CAPE),5,AMVA,Amaravila,
TVC,Thiruvananthapuram (TVC) - Kanyakumari (CAPE),6,DAVM,Dhanuvachapuram,
TVC,Thiruvananthapuram (TVC) - Kanyakumari (CAPE),7,PASA,Parassala,
TVC,Thiruvananthapuram (TVC) - Kanyakumari (CAPE),8,KZTW,Kulitturai West,
TVC,Thiruvananthapuram (TVC) - Kanyakumari (CAPE),9,KZT,Kulitturai,
TVC,Thiruvananthapuram (TVC) - Kanyakumari (CAPE),10,PYD,Palliyadi,
TVC,Thiruvananthapuram (TVC) - Kanyakumari (CAPE),11,ERL,Eraniel,
TVC,Thiruvananthapuram (TVC) - Kanyakumari (CAPE),12,VRLR,Virani Alur,
TVC,Thiruvananthapuram (TVC) - Kanyakumari (CAPE),13,NJT,Nagercoil Town,
TVC,Thiruvananthapuram (TVC) - Kanyakumari (CAPE),14,NCJ,Nagercoil Junction,
TVC,Thiruvananthapuram (TVC) - Kanyakumari (CAPE),15,SUCH,Suchindram,
TVC,Thiruvananthapuram (TVC) - Kanyakumari (CAPE),16,CAPE,Kanyakumari,
TVC,Tirunelveli (TEN) - Nagercoil (NCJ),1,TEN,Tirunelveli Junction,
TVC,Tirunelveli (TEN) - Nagercoil (NCJ),2,MP,Melappalaiyam,
TVC,Tirunelveli (TEN) - Nagercoil (NCJ),3,SGLM,Sengulam,
TVC,Tirunelveli (TEN) - Nagercoil (NCJ),4,NNN,Nanguneri,
TVC,Tirunelveli (TEN) - Nagercoil (NCJ),5,DYS,Dalapathy Samudram,
TVC,Tirunelveli (TEN) - Nagercoil (NCJ),6,VLY,Valliyur,
TVC,Tirunelveli (TEN) - Nagercoil (NCJ),7,NPK,North Panakudi,
TVC,Tirunelveli (TEN) - Nagercoil (NCJ),8,KVLK,Kavalkinaru,
TVC,Tirunelveli (TEN) - Nagercoil (NCJ),9,AAY,Aralvaymozhi,
TVC,Tirunelveli (TEN) - Nagercoil (NCJ),10,THX,Tovalai,
TVC,Tirunelveli (TEN) - Nagercoil (NCJ),11,NCJ,Nagercoil Junction,
TVC,Kollam-Sengottai,1,QLN,Kollam Junction,
TVC,Kollam-Sengottai,2,KLQ,Kilikollur,
TVC,Kollam-Sengottai,3,CTPE,Chandanatop,
TVC,Kollam-Sengottai,4,KFV,Kundara East,
TVC,Kollam-Sengottai,5,KUV,Kundara,
TVC,Kollam-Sengottai,6,EKN,Ezhukone,
TVC,Kollam-Sengottai,7,KKZ,Kottarakara,
TVC,Kollam-Sengottai,8,KIF,Kuri,
TVC,Kollam-Sengottai,9,AVS,Auvaneeswaram,
TVC,Kollam-Sengottai,10,PUU,Punalur,
TVC,Kollam-Sengottai,11,EDN,Edamann,
TVC,Kollam-Sengottai,12,OKL,Ottakkal,
TVC,Kollam-Sengottai,13,TML,Tenmalai,
TVC,Kollam-Sengottai,14,KRA,Kazhuthuruthy,
TVC,Kollam-Sengottai,15,AYV,Aryankavu,
TVC,Kollam-Sengottai,16,BJM,Bhagavathipuram,
TVC,Kollam-Sengottai,17,SCT,Sengottai,
MDU,Dindigul-Madurai-Tirunelveli,1,DG,Dindigul Junction,
MDU,Dindigul-Madurai-Tirunelveli,2,ABI,Ambaturai,
MDU,Dindigul-Madurai-Tirunelveli,3,KQN,Kodaikanal Road,
MDU,Dindigul-Madurai-Tirunelveli,4,VDP,Vadippatti,
MDU,Dindigul-Madurai-Tirunelveli,5,SDN,Sholavandan,
MDU,Dindigul-Madurai-Tirunelveli,6,SER,Samayanallur,
MDU,Dindigul-Madurai-Tirunelveli,7,KON,Kudalnagar,
MDU,Dindigul-Madurai-Tirunelveli,8,MDU,Madurai Junction,
MDU,Dindigul-Madurai-Tirunelveli,9,TDN,Tirupparankundram,
MDU,Dindigul-Madurai-Tirunelveli,10,TMQ,Tirumangalam,
MDU,Dindigul-Madurai-Tirunelveli,11,KGD,Kalligudi,
MDU,Dindigul-Madurai-Tirunelveli,12,VPT,Virudhunagar Junction,
MDU,Dindigul-Madurai-Tirunelveli,13,TY,Tulukapati,
MDU,Dindigul-Madurai-Tirunelveli,14,SRT,Sattur,
MDU,Dindigul-Madurai-Tirunelveli,15,NLL,Nalli,
MDU,Dindigul-Madurai-Tirunelveli,16,CVP,Kovilpatti,
MDU,Dindigul-Madurai-Tirunelveli,17,KDU,Kadambur,
MDU,Dindigul-Madurai-Tirunelveli,18,IVL,Ilavelangal,
MDU,Dindigul-Madurai-Tirunelveli,19,MEJ,Vanchi Maniyachchi,
MDU,Dindigul-Madurai-Tirunelveli,20,NRK,Naraikkinaru,
MDU,Dindigul-Madurai-Tirunelveli,21,GDN,Gangaikondan,
MDU,Dindigul-Madurai-Tirunelveli,22,TAY,Talaiyuthu,
MDU,Dindigul-Madurai-Tirunelveli,23,TEN,Tirunelveli Junction,
MDU,Madurai-Rameswaram,1,MDU,Madurai Junction,
MDU,Madurai-Rameswaram,2,MES,Madurai East,
MDU,Madurai-Rameswaram,3,ILA,Silaiman,
MDU,Madurai-Rameswaram,4,TVN,Tiruppuvanam,
MDU,Madurai-Rameswaram,5,TPC,Tiruppachetti,
MDU,Madurai-Rameswaram,6,RAGM,Rajagambiram,
MDU,Madurai-Rameswaram,7,MNM,Manamadurai Junction,
MDU,Madurai-Rameswaram,8,SUX,Sudiyur,
MDU,Madurai-Rameswaram,9,PMK,Paramakudi,
MDU,Madurai-Rameswaram,10,SQD,Sattirakkudi,
MDU,Madurai-Rameswaram,11,RMD,Ramanathapuram,
MDU,Madurai-Rameswaram,12,VTV,Valantaravai,
MDU,Madurai-Rameswaram,13,UCP,Uchippuli,
MDU,Madurai-Rameswaram,14,MC,Mandapam Camp,
MDU,Madurai-Rameswaram,15,MMM,Mandapam,
MDU,Madurai-Rameswaram,16,PBM,Pamban Junction,
MDU,Madurai-Rameswaram,17,RMM,Rameswaram,
MDU,Virudhunagar-Sengottai,1,VPT,Virudhunagar Junction,
MDU,Virudhunagar-Sengottai,2,TTL,Tiruttangal,
MDU,Virudhunagar-Sengottai,3,SVKS,Sivakasi,
MDU,Virudhunagar-Sengottai,4,SVPR,Srivilliputtur,
MDU,Virudhunagar-Sengottai,5,RJPM,Rajapalayam,
MDU,Virudhunagar-Sengottai,6,CPM,Cholapuram,
MDU,Virudhunagar-Sengottai,7,SNKL,Sankarankovil,
MDU,Virudhunagar-Sengottai,8,PBKS,Pamba Kovil Shandy,
MDU,Virudhunagar-Sengottai,9,KDNL,Kadayanallur,
MDU,Virudhunagar-Sengottai,10,TSI,Tenkasi Junction,
MDU,Virudhunagar-Sengottai,11,SCT,Sengottai,
MDU,Tirunelveli to Sengottai,1,TEN,Tirunelveli Junction,
MDU,Tirunelveli to Sengottai,2,TYT,Tirunelveli Town,
MDU,Tirunelveli to Sengottai,3,PEA,Pettai,
MDU,Tirunelveli to Sengottai,4,SMD,Cheranmahadevi,
MDU,Tirunelveli to Sengottai,5,KARK,Karaikkurichi,
MDU,Tirunelveli to Sengottai,6,VVR,Viravanallur,
MDU,Tirunelveli to Sengottai,7,KIC,Kallidaikurichi,
MDU,Tirunelveli to Sengottai,8,ASD,Ambasamudram,
MDU,Tirunelveli to Sengottai,9,KIB,Kizha Ambur,
MDU,Tirunelveli to Sengottai,10,AZK,Alwarkurichi,
MDU,Tirunelveli to Sengottai,11,RVS,Ravanasamudram,
MDU,Tirunelveli to Sengottai,12,KKY,Kizhakadayam,
MDU,Tirunelveli to Sengottai,13,MTE,Mettur,
MDU,Tirunelveli to Sengottai,14,PCM,Pavurchatram,
MDU,Tirunelveli to Sengottai,15,KYZ,Kizha Puliyur,
MDU,Tirunelveli to Sengottai,16,TSI,Tenkasi Junction,
MDU,Tirunelveli to Sengottai,17,SCT,Sengottai,
MDU,Tirunelveli to Tiruchendur,1,TEN,Tirunelveli Junction,
MDU,Tirunelveli to Tiruchendur,2,PCO,Palayamkottai,
MDU,Tirunelveli to Tiruchendur,3,SDNR,Seydunganallur,
MDU,Tirunelveli to Tiruchendur,4,TTQ,Thathankulam,
MDU,Tirunelveli to Tiruchendur,5,SVV,Srivaikuntam,
MDU,Tirunelveli to Tiruchendur,6,AWT,Alwar Tirunagri,
MDU,Tirunelveli to Tiruchendur,7,NZT,Nazareth,
MDU,Tirunelveli to Tiruchendur,8,KCHV,Kachchanvilai,
MDU,Tirunelveli to Tiruchendur,9,KZB,Kurumbur,
MDU,Tirunelveli to Tiruchendur,10,ANY,Arumuganeri,
MDU,Tirunelveli to Tiruchendur,11,KZY,Kayalpattinam,
MDU,Tirunelveli to Tiruchendur,12,TCN,Tiruchendur,
MDU,Madurai Junction–Bodinayakanur,1,MDU,Madurai Junction,
MDU,Madurai Junction–Bodinayakanur,2,VAJ,Vadapalanji,
MDU,Madurai Junction–Bodinayakanur,3,USLP,Usilampatti,
MDU,Madurai Junction–Bodinayakanur,4,ADPT,Andipatti,
MDU,Madurai Junction–Bodinayakanur,5,TENI,Theni,
MDU,Madurai Junction–Bodinayakanur,6,BDNK,Bodinayakanur,
MDU,Vanchi Maniyachchi Junction – Tuticorin,1,MEJ,Vanchi Maniyachchi Junction,
MDU,Vanchi Maniyachchi Junction – Tuticorin,2,KLPM,Kailasapuram,
MDU,Vanchi Maniyachchi Junction – Tuticorin,3,TIP,Tattapparai,
MDU,Vanchi Maniyachchi Junction – Tuticorin,4,MVN,Milavittan,
MDU,Vanchi Maniyachchi Junction – Tuticorin,5,TME,Tuti Melur,
MDU,Vanchi Maniyachchi Junction – Tuticorin,6,TN,Tuticorin,
MDU,Manamadurai-Virudhunagar,1,MNM,Manamadurai Junction,
MDU,Manamadurai-Virudhunagar,2,NKK,Narikkudi,
MDU,Manamadurai-Virudhunagar,3,TCH,Tiruchchuli,
MDU,Manamadurai-Virudhunagar,4,APK,Aruppukkottai,
MDU,Manamadurai-Virudhunagar,5,VPT,Virudhunagar Junction,
MDU,Manamadurai-Trichy (via Karaikkudi),1,MNM,Manamadurai Junction,
MDU,Manamadurai-Trichy (via Karaikkudi),2,MEKM,Melakkonnakkulam,
MDU,Manamadurai-Trichy (via Karaikkudi),3,SVGA,Sivaganga,
MDU,Manamadurai-Trichy (via Karaikkudi),4,PNGI,Panangudi,
MDU,Manamadurai-Trichy (via Karaikkudi),5,KAL,Kallal,
MDU,Manamadurai-Trichy (via Karaikkudi),6,DKO,Devakottai Road,
MDU,Manamadurai-Trichy (via Karaikkudi),7,KKDI,Karaikkudi Junction,
MDU,Manamadurai-Trichy (via Karaikkudi),8,KTYR,Kottaiyur,
MDU,Manamadurai-Trichy (via Karaikkudi),9,CTND,Chettinad,
MDU,Manamadurai-Trichy (via Karaikkudi),10,TYM,Tirumayam,
MDU,Manamadurai-Trichy (via Karaikkudi),11,NMN,Namanasamudram,
MDU,Manamadurai-Trichy (via Karaikkudi),12,PDKT,Pudukkottai,
MDU,Manamadurai-Trichy (via Karaikkudi),13,VEL,Vellanur,
MDU,Manamadurai-Trichy (via Karaikkudi),14,KRUR,Keeranur,
MDU,Manamadurai-Trichy (via Karaikkudi),15,KRMG,Kumaramangalam,
MDU,Manamadurai-Trichy (via Karaikkudi),16,TPJ,Tiruchirappalli Junction,
TRICHY,Villupuram-Trichy Chord,1,VM,Villupuram Junction,
TRICHY,Villupuram-Trichy Chord,2,TVNL,Tiruvennainallur,
TRICHY,Villupuram-Trichy Chord,3,PRT,Panruti,
TRICHY,Villupuram-Trichy Chord,4,ULU,Ulundurpet,
TRICHY,Villupuram-Trichy Chord,5,PVN,Puvanur,
TRICHY,Villupuram-Trichy Chord,6,VRI,Vridhachalam Junction,
TRICHY,Villupuram-Trichy Chord,7,VRT,Vriddhachalam Town,
TRICHY,Villupuram-Trichy Chord,8,PNDM,Pennadam,
TRICHY,Villupuram-Trichy Chord,9,ICG,Ichchangadu,
TRICHY,Villupuram-Trichy Chord,10,MTUR,Mathur,
TRICHY,Villupuram-Trichy Chord,11,SNDI,Sendurai,
TRICHY,Villupuram-Trichy Chord,12,ALU,Ariyalur,
TRICHY,Villupuram-Trichy Chord,13,SLTH,Sillakkudi,
TRICHY,Villupuram-Trichy Chord,14,KLGM,Kallagam,
TRICHY,Villupuram-Trichy Chord,15,KKPM,Kallakkudi Palanganatham,
TRICHY,Villupuram-Trichy Chord,16,PMB,Pullambadi,
TRICHY,Villupuram-Trichy Chord,17,KTTR,Kattur,
TRICHY,Villupuram-Trichy Chord,18,LLI,Lalgudi,
TRICHY,Villupuram-Trichy Chord,19,VLDE,Valadi,
TRICHY,Villupuram-Trichy Chord,20,BXS,Pichchandarkovil,
TRICHY,Villupuram-Trichy Chord,21,UKV,Gullivaram,
TRICHY,Villupuram-Trichy Chord,22,SRGM,Srirangam,
TRICHY,Villupuram-Trichy Chord,23,TPTN,Tiruchchirappalli Town,
TRICHY,Villupuram-Trichy Chord,24,GOC,Ponmalai,
TRICHY,Villupuram-Trichy Chord,25,TPJ,Tiruchirappalli Junction,
TRICHY,Main Line (VM-MV-TPJ),1,VM,Villupuram Junction,
TRICHY,Main Line (VM-MV-TPJ),2,VRA,Valavanur,
TRICHY,Main Line (VM-MV-TPJ),3,TDPR,Tirupadripulyur,
TRICHY,Main Line (VM-MV-TPJ),4,CUPJ,Cuddalore Port Junction,
TRICHY,Main Line (VM-MV-TPJ),5,ALP,Alapakam,
TRICHY,Main Line (VM-MV-TPJ),6,PO,Parangipettai,
TRICHY,Main Line (VM-MV-TPJ),7,KII,Kille,
TRICHY,Main Line (VM-MV-TPJ),8,CDM,Chidambaram,
TRICHY,Main Line (VM-MV-TPJ),9,VMP,Vallampadugai,
TRICHY,Main Line (VM-MV-TPJ),10,CLN,Kollidam,
TRICHY,Main Line (VM-MV-TPJ),11,SY,Sirkazhi,
TRICHY,Main Line (VM-MV-TPJ),12,VDL,Vaithisvarankoil,
TRICHY,Main Line (VM-MV-TPJ),13,ANP,Anandatandavapuram,
TRICHY,Main Line (VM-MV-TPJ),14,NID,Nidur,
TRICHY,Main Line (VM-MV-TPJ),15,MV,Mayiladuthurai Junction,
TRICHY,Main Line (VM-MV-TPJ),16,KTM,Kutralam,
TRICHY,Main Line (VM-MV-TPJ),17,NPT,Narasingampettai,
TRICHY,Main Line (VM-MV-TPJ),18,ADT,Aduturai,
TRICHY,Main Line (VM-MV-TPJ),19,TRM,Tiruvidaimarudur,
TRICHY,Main Line (VM-MV-TPJ),20,TRR,Tirunagesvaram,
TRICHY,Main Line (VM-MV-TPJ),21,KMU,Kumbakonam,
TRICHY,Main Line (VM-MV-TPJ),22,DSM,Darasuram,
TRICHY,Main Line (VM-MV-TPJ),23,SWI,Swamimalai,
TRICHY,Main Line (VM-MV-TPJ),24,SPL,Sundaraperumal Kovil,
TRICHY,Main Line (VM-MV-TPJ),25,PML,Papanasam,
TRICHY,Main Line (VM-MV-TPJ),26,PDV,Pandaravadai,
TRICHY,Main Line (VM-MV-TPJ),27,AZP,Ayyampet,
TRICHY,Main Line (VM-MV-TPJ),28,PVL,Pasupatikovil,
TRICHY,Main Line (VM-MV-TPJ),29,TT,Titte,
TRICHY,Main Line (VM-MV-TPJ),30,TJ,Thanjavur Junction,
TRICHY,Main Line (VM-MV-TPJ),31,ALK,Alakkudi,
TRICHY,Main Line (VM-MV-TPJ),32,BAL,Budalur,
TRICHY,Main Line (VM-MV-TPJ),33,AYN,Aiyanapuram,
TRICHY,Main Line (VM-MV-TPJ),34,SGM,Solagampatti,
TRICHY,Main Line (VM-MV-TPJ),35,TOM,Tondamanpatti,
TRICHY,Main Line (VM-MV-TPJ),36,TRB,Tiruverumbur,
TRICHY,Main Line (VM-MV-TPJ),37,MCJ,Manjattidal,
TRICHY,Main Line (VM-MV-TPJ),38,GOC,Ponmalai,
TRICHY,Main Line (VM-MV-TPJ),39,TPJ,Tiruchirappalli Junction,
TRICHY,Thanjavur-Karaikal-Velankanni,1,TJ,Thanjavur Junction,
TRICHY,Thanjavur-Karaikal-Velankanni,2,KXO,Kudikadu,
TRICHY,Thanjavur-Karaikal-Velankanni,3,SMM,Saliyamangalam,
TRICHY,Thanjavur-Karaikal-Velankanni,4,AMT,Ammapet,
TRICHY,Thanjavur-Karaikal-Velankanni,5,KYV,Koyilvenni,
TRICHY,Thanjavur-Karaikal-Velankanni,6,NMJ,Nidamangalam Junction,
TRICHY,Thanjavur-Karaikal-Velankanni,7,KDE,Koradacheri,
TRICHY,Thanjavur-Karaikal-Velankanni,8,TMU,Tirumanthikunam,
TRICHY,Thanjavur-Karaikal-Velankanni,9,KU,Kulikarai,
TRICHY,Thanjavur-Karaikal-Velankanni,10,TVR,Thiruvarur Junction,
TRICHY,Thanjavur-Karaikal-Velankanni,11,AYM,Adiyakkamangalam,
TRICHY,Thanjavur-Karaikal-Velankanni,12,KOQ,Kuthur,
TRICHY,Thanjavur-Karaikal-Velankanni,13,SKK,Sikkal,
TRICHY,Thanjavur-Karaikal-Velankanni,14,NGT,Nagapattinam,
TRICHY,Thanjavur-Karaikal-Velankanni,15,APE,Andanappettai,
TRICHY,Thanjavur-Karaikal-Velankanni,16,NCR,Nagore,
TRICHY,Thanjavur-Karaikal-Velankanni,17,TMPT,Tirumalairayanpattinam,
TRICHY,Thanjavur-Karaikal-Velankanni,18,KIK,Karaikal,
TRICHY,Thanjavur-Karaikal-Velankanni,19,VLNK,Velankanni,
TRICHY,Villupuram-Katpadi Branch,1,VM,Villupuram Junction,
TRICHY,Villupuram-Katpadi Branch,2,VKM,Venkatesapuram,
TRICHY,Villupuram-Katpadi Branch,3,MMP,Mambalappattu,
TRICHY,Villupuram-Katpadi Branch,4,AYD,Ayandur,
TRICHY,Villupuram-Katpadi Branch,5,TRK,Tirukkovilur,
TRICHY,Villupuram-Katpadi Branch,6,ACN,Adhichchanur,
TRICHY,Villupuram-Katpadi Branch,7,AND,Andampalayam,
TRICHY,Villupuram-Katpadi Branch,8,TNI,Tandarai,
TRICHY,Villupuram-Katpadi Branch,9,TNM,Tiruvannamalai,
TRICHY,Villupuram-Katpadi Branch,10,TJM,Turinjapuram,
TRICHY,Villupuram-Katpadi Branch,11,AGM,Agaram Sibbandi,
TRICHY,Villupuram-Katpadi Branch,12,PRL,Polur,
TRICHY,Villupuram-Katpadi Branch,13,ARV,Arni Road,
TRICHY,Villupuram-Katpadi Branch,14,MCL,Madimangalam,
TRICHY,Villupuram-Katpadi Branch,15,SDPT,Sedarappattu,
TRICHY,Villupuram-Katpadi Branch,16,OPM,Onnupuram,
TRICHY,Villupuram-Katpadi Branch,17,KMM,Kannamangalam,
TRICHY,Villupuram-Katpadi Branch,18,KNB,Kaniyambadi,
TRICHY,Villupuram-Katpadi Branch,19,PNTR,Pennathur,
TRICHY,Villupuram-Katpadi Branch,20,VLR,Vellore Cantt,
TRICHY,Villupuram-Katpadi Branch,21,KPD,Katpadi Junction,
TRICHY,Karaikkudi-Tiruvarur,1,KKDI,Karaikkudi Junction,
TRICHY,Karaikkudi-Tiruvarur,2,KNPL,Kandanur Puduvayal,
TRICHY,Karaikkudi-Tiruvarur,3,VMM,Valaramanikkam,
TRICHY,Karaikkudi-Tiruvarur,4,ATQ,Arantangi,
TRICHY,Karaikkudi-Tiruvarur,5,AYI,Ayingudi,
TRICHY,Karaikkudi-Tiruvarur,6,PVI,Peravurani,
TRICHY,Karaikkudi-Tiruvarur,7,PKT,Pattukottai,
TRICHY,Karaikkudi-Tiruvarur,8,AMM,Adirampattinam,
TRICHY,Karaikkudi-Tiruvarur,9,MTT,Mutupet,
TRICHY,Karaikkudi-Tiruvarur,10,TAM,Tillaivilagam,
TRICHY,Karaikkudi-Tiruvarur,11,TTP,Tiruturaipundi Junction,
TRICHY,Karaikkudi-Tiruvarur,12,ATB,Alattambadi,
TRICHY,Karaikkudi-Tiruvarur,13,MNLI,Manali Halt,
TRICHY,Karaikkudi-Tiruvarur,14,AMNR,Ammanur,
TRICHY,Karaikkudi-Tiruvarur,15,TNK,Tirunellikaval,
TRICHY,Karaikkudi-Tiruvarur,16,MARD,Mavur Road,
TRICHY,Karaikkudi-Tiruvarur,17,MAX,Mangudi,
TRICHY,Karaikkudi-Tiruvarur,18,TVR,Thiruvarur Junction,
TRICHY,Villupuram-Puducherry,1,VM,Villupuram Junction,
TRICHY,Villupuram-Puducherry,2,CBU,Chinna Babu Samudram,
TRICHY,Villupuram-Puducherry,3,VI,Villianur,
TRICHY,Villupuram-Puducherry,4,PDY,Puducherry,
TRICHY,Nidamangalam-Mannargudi,1,NMJ,Nidamangalam Junction,
TRICHY,Nidamangalam-Mannargudi,2,MQ,Mannargudi,
TRICHY,Mayiladuthurai to Thiruvarur,1,MV,Mayiladuturai Junction,
TRICHY,Mayiladuthurai to Thiruvarur,2,PEM,Peralam Junction,
TRICHY,Mayiladuthurai to Thiruvarur,3,POM,Punthottam,
TRICHY,Mayiladuthurai to Thiruvarur,4,NNM,Nannilam,
TRICHY,Mayiladuthurai to Thiruvarur,5,TVR,Thiruvarur Junction,
TRICHY,Peralam to Karaikal,1,PEM,Peralam Junction,
TRICHY,Peralam to Karaikal,2,ABT,Ambagarattur,
TRICHY,Peralam to Karaikal,3,PCD,Pattakudi (Pathakudy),
TRICHY,Peralam to Karaikal,4,TXR,Thirunallar,
TRICHY,Peralam to Karaikal,5,KVPT,Karai Kovilpathu,
TRICHY,Peralam to Karaikal,6,KIK,Karaikal,
