division,route_line,sequence,station_code,orig_station_name,normalized_name,distance
CHENNAI,West Line (MAS-JTJ),1,MAS,MGR Chennai Central,mgr chennai central,
CHENNAI,West Line (MAS-JTJ),2,BBQ,Basin Bridge Junction,basin bridge junction,
CHENNAI,West Line (MAS-JTJ),3,VJM,Vyasarpadi Jeeva,vyasarpadi jeeva,
CHENNAI,West Line (MAS-JTJ),4,PER,Perambur,perambur,
CHENNAI,West Line (MAS-JTJ),5,PCW,Perambur Carriage Works,perambur carriage works,
CHENNAI,West Line (MAS-JTJ),6,PEW,Perambur Loco Works,perambur loco works,
CHENNAI,West Line (MAS-JTJ),7,VLK,Villivakkam,villivakkam,
CHENNAI,West Line (MAS-JTJ),8,KOTR,Korattur,korattur,
CHENNAI,West Line (MAS-JTJ),9,PVM,Pataravakkam,pataravakkam,
CHENNAI,West Line (MAS-JTJ),10,ABU,Ambattur,ambattur,
CHENNAI,West Line (MAS-JTJ),11,TMVL,Tirumullaivayil,tirumullaivayil,
CHENNAI,West Line (MAS-JTJ),12,ANNR,Annanur,annanur,
CHENNAI,West Line (MAS-JTJ),13,AVD,Avadi,avadi,
CHENNAI,West Line (MAS-JTJ),14,HC,Hindu College,hindu college,
CHENNAI,West Line (MAS-JTJ),15,PAB,Patabiram,patabiram,
CHENNAI,West Line (MAS-JTJ),16,PTMS,Patabiram Military Siding,patabiram military siding,
CHENNAI,West Line (MAS-JTJ),17,NEC,Nemilichery,nemilichery,
CHENNAI,West Line (MAS-JTJ),18,TI,Tiruninravur,tiruninravur,
CHENNAI,West Line (MAS-JTJ),19,VEU,Veppampattu,veppampattu,
CHENNAI,West Line (MAS-JTJ),20,SVR,Sevvpet Road,sevvpet road,
CHENNAI,West Line (MAS-JTJ),21,PTLR,Putlur,putlur,
CHENNAI,West Line (MAS-JTJ),22,TRL,Tiruvallur,tiruvallur,
CHENNAI,West Line (MAS-JTJ),23,EGT,Egattur,egattur,
CHENNAI,West Line (MAS-JTJ),24,KBT,Kadambattur,kadambattur,
CHENNAI,West Line (MAS-JTJ),25,SPAM,Senji Panambakkam,senji panambakkam,
CHENNAI,West Line (MAS-JTJ),26,MAF,Manavur,manavur,
CHENNAI,West Line (MAS-JTJ),27,TO,Tiruvalangadu,tiruvalangadu,
CHENNAI,West Line (MAS-JTJ),28,MSU,Mosur,mosur,
CHENNAI,West Line (MAS-JTJ),29,PLMG,Puliyamangalam,puliyamangalam,
CHENNAI,West Line (MAS-JTJ),30,AJJ,Arakkonam Junction,arakkonam junction,
CHENNAI,West Line (MAS-JTJ),31,CTRE,Chiteri,chiteri,
CHENNAI,West Line (MAS-JTJ),32,AVN,Anavardikhanpet,anavardikhanpet,
CHENNAI,West Line (MAS-JTJ),33,MDVE,Mahendravadi,mahendravadi,
CHENNAI,West Line (MAS-JTJ),34,SHU,Sholinghur,sholinghur,
CHENNAI,West Line (MAS-JTJ),35,TUG,Thalangai,thalangai,
CHENNAI,West Line (MAS-JTJ),36,WJR,Walajah Road Junction,walajah road junction,
CHENNAI,West Line (MAS-JTJ),37,MCN,Mukundarayapuram,mukundarayapuram,
CHENNAI,West Line (MAS-JTJ),38,THL,Tiruvalam,tiruvalam,
CHENNAI,West Line (MAS-JTJ),39,SVUR,Sevur,sevur,
CHENNAI,West Line (MAS-JTJ),40,KPD,Katpadi Junction,katpadi junction,
CHENNAI,West Line (MAS-JTJ),41,LTI,Lateri,lateri,
CHENNAI,West Line (MAS-JTJ),42,VJ,Virinchipuram,virinchipuram,
CHENNAI,West Line (MAS-JTJ),43,KVN,Kavanur,kavanur,
CHENNAI,West Line (MAS-JTJ),44,GYM,Gudiyatam,gudiyatam,
CHENNAI,West Line (MAS-JTJ),45,MEH,Melalathur,melalathur,
CHENNAI,West Line (MAS-JTJ),46,VLT,Valathoor,valathoor,
CHENNAI,West Line (MAS-JTJ),47,MPI,Melpati,melpati,
CHENNAI,West Line (MAS-JTJ),48,PCV,Pachakuppam,pachakuppam,
CHENNAI,West Line (MAS-JTJ),49,AB,Ambur,ambur,
CHENNAI,West Line (MAS-JTJ),50,VGM,Vinnamangalam,vinnamangalam,
CHENNAI,West Line (MAS-JTJ),51,VN,Vaniyambadi,vaniyambadi,
CHENNAI,West Line (MAS-JTJ),52,KDY,Ketandapatti,ketandapatti,
CHENNAI,West Line (MAS-JTJ),53,JTJ,Jolarpettai Junction,jolarpettai junction,
CHENNAI,North Line (MAS-GDR),1,TNP,Tondiarpet,tondiarpet,
CHENNAI,North Line (MAS-GDR),2,KOK,Korukkupet,korukkupet,
CHENNAI,North Line (MAS-GDR),3,TVT,Tiruvottiyur,tiruvottiyur,
CHENNAI,North Line (MAS-GDR),4,WCN,Wimco Nagar,wimco nagar,
CHENNAI,North Line (MAS-GDR),5,KAVM,Kathivakkam,kathivakkam,
CHENNAI,North Line (MAS-GDR),6,ENR,Ennore,ennore,
CHENNAI,North Line (MAS-GDR),7,AIP,Atipattu,atipattu,
CHENNAI,North Line (MAS-GDR),8,AIPP,Atipattu Pudu Nagar,atipattu pudu nagar,
CHENNAI,North Line (MAS-GDR),9,NPKM,Nandiambakkam,nandiambakkam,
CHENNAI,North Line (MAS-GDR),10,MJR,Minjur,minjur,
CHENNAI,North Line (MAS-GDR),11,APB,Anuppampattu,anuppampattu,
CHENNAI,North Line (MAS-GDR),12,PON,Ponneri,ponneri,
CHENNAI,North Line (MAS-GDR),13,KVP,Kavaraipettai,kavaraipettai,
CHENNAI,North Line (MAS-GDR),14,GPD,Gummidipundi,gummidipundi,
CHENNAI,North Line (MAS-GDR),15,ELR,Elavur,elavur,
CHENNAI,North Line (MAS-GDR),16,AKM,Arambakkam,arambakkam,
CHENNAI,North Line (MAS-GDR),17,TADA,Tada,tada,
CHENNAI,North Line (MAS-GDR),18,SPE,Sullurupeta,sullurupeta,
CHENNAI,North Line (MAS-GDR),19,PEL,Polireddipalem,polireddipalem,
CHENNAI,North Line (MAS-GDR),20,DVR,Doravari Chatram,doravari chatram,
CHENNAI,North Line (MAS-GDR),21,NYP,Nayudupeta,nayudupeta,
CHENNAI,North Line (MAS-GDR),22,PYA,Pedapariya,pedapariya,
CHENNAI,North Line (MAS-GDR),23,ODUR,Odur,odur,
CHENNAI,North Line (MAS-GDR),24,GDR,Gudur Junction,gudur junction,
CHENNAI,South Line (MS-VM),1,MS,Chennai Egmore,chennai egmore,
CHENNAI,South Line (MS-VM),2,MSC,Chetpet,chetpet,
CHENNAI,South Line (MS-VM),3,NBK,Nungambakkam,nungambakkam,
CHENNAI,South Line (MS-VM),4,MKK,Kodambakkam,kodambakkam,
CHENNAI,South Line (MS-VM),5,MBM,Mambalam,mambalam,
CHENNAI,South Line (MS-VM),6,SP,Saidapet,saidapet,
CHENNAI,South Line (MS-VM),7,GDY,Guindy,guindy,
CHENNAI,South Line (MS-VM),8,STM,St Thomas Mount,st thomas mount,
CHENNAI,South Line (MS-VM),9,PZA,Palavanthangal,palavanthangal,
CHENNAI,South Line (MS-VM),10,MN,Minambakkam,minambakkam,
CHENNAI,South Line (MS-VM),11,TLM,Tirusulam,tirusulam,
CHENNAI,South Line (MS-VM),12,PV,Pallavaram,pallavaram,
CHENNAI,South Line (MS-VM),13,CMP,Chromepet,chromepet,
CHENNAI,South Line (MS-VM),14,TBMS,Tambaram Sanatorium,tambaram sanatorium,
CHENNAI,South Line (MS-VM),15,TBM,Tambaram,tambaram,
CHENNAI,South Line (MS-VM),16,PRGL,Perungalathur,perungalathur,
CHENNAI,South Line (MS-VM),17,VDR,Vandalur,vandalur,
CHENNAI,South Line (MS-VM),18,UPM,Urappakkam,urappakkam,
CHENNAI,South Line (MS-VM),19,GI,Guduvancheri,guduvancheri,
CHENNAI,South Line (MS-VM),20,POTI,Potheri,potheri,
CHENNAI,South Line (MS-VM),21,CTM,Katangulattur,katangulattur,
CHENNAI,South Line (MS-VM),22,MMNK,Maraimalai Nagar Kamarajar,maraimalai nagar kamarajar,
CHENNAI,South Line (MS-VM),23,SKL,Singaperumal Koil,singaperumal koil,
CHENNAI,South Line (MS-VM),24,PWU,Paranur,paranur,
CHENNAI,South Line (MS-VM),25,CGL,Chengalpattu Junction,chengalpattu junction,
CHENNAI,South Line (MS-VM),26,TRM,Tirumani,tirumani,
CHENNAI,South Line (MS-VM),27,OV,Otivakkam,otivakkam,
CHENNAI,South Line (MS-VM),28,PTM,Padalam,padalam,
CHENNAI,South Line (MS-VM),29,KGZ,Karunguzhi,karunguzhi,
CHENNAI,South Line (MS-VM),30,MMK,Madurantakam,madurantakam,
CHENNAI,South Line (MS-VM),31,PAK,Pakkam,pakkam,
CHENNAI,South Line (MS-VM),32,MLMR,Melmaruvathur,melmaruvathur,
CHENNAI,South Line (MS-VM),33,ACK,Acharapakkam,acharapakkam,
CHENNAI,South Line (MS-VM),34,TZD,Tozhuppu,tozhuppu,
CHENNAI,South Line (MS-VM),35,OLA,Olakkur,olakkur,
CHENNAI,South Line (MS-VM),36,TMV,Tindivanam,tindivanam,
CHENNAI,South Line (MS-VM),37,MTL,Mailam,mailam,
CHENNAI,South Line (MS-VM),38,PEI,Perani,perani,
CHENNAI,South Line (MS-VM),39,VV,Vikravandi,vikravandi,
CHENNAI,MRTS (MSB-VLCY),1,MSB,Chennai Beach,chennai beach,
CHENNAI,MRTS (MSB-VLCY),2,MSF,Chennai Fort,chennai fort,
CHENNAI,MRTS (MSB-VLCY),3,MPK,Chennai Park Town,chennai park town,
CHENNAI,MRTS (MSB-VLCY),4,MCPT,Chintadripet,chintadripet,
CHENNAI,MRTS (MSB-VLCY),5,MCPK,Chepauk,chepauk,
CHENNAI,MRTS (MSB-VLCY),6,MTCN,Tirullikeni,tirullikeni,
CHENNAI,MRTS (MSB-VLCY),7,MLHS,Light House,light house,
CHENNAI,MRTS (MSB-VLCY),8,MKAK,Mundakakanni Amman Koil,mundakakanni amman koil,
CHENNAI,MRTS (MSB-VLCY),9,MTMY,Thirumayilai,thirumayilai,
CHENNAI,MRTS (MSB-VLCY),10,MNDY,Mandaveli,mandaveli,
CHENNAI,MRTS (MSB-VLCY),11,GWYR,Greenways Road,greenways road,
CHENNAI,MRTS (MSB-VLCY),12,KTPM,Kotturpuram,kotturpuram,
CHENNAI,MRTS (MSB-VLCY),13,KTBR,Kasturibai Nagar,kasturibai nagar,
CHENNAI,MRTS (MSB-VLCY),14,INDR,Indira Nagar,indira nagar,
CHENNAI,MRTS (MSB-VLCY),15,TYMR,Tiruvanmiyur,tiruvanmiyur,
CHENNAI,MRTS (MSB-VLCY),16,TRMN,Taramani,taramani,
CHENNAI,MRTS (MSB-VLCY),17,PRGD,Perungudi,perungudi,
CHENNAI,MRTS (MSB-VLCY),18,VLCY,Velachery,velachery,
CHENNAI,Kanchipuram Line (AJJ-CGL),1,AJJ,Arakkonam Junction,arakkonam junction,
CHENNAI,Kanchipuram Line (AJJ-CGL),2,TKO,Takkolam,takkolam,
CHENNAI,Kanchipuram Line (AJJ-CGL),3,TMLP,Tirumalpur,tirumalpur,
CHENNAI,Kanchipuram Line (AJJ-CGL),4,CJ,Kanchipuram,kanchipuram,
CHENNAI,Kanchipuram Line (AJJ-CGL),5,CJE,Kanchipuram East,kanchipuram east,
CHENNAI,Kanchipuram Line (AJJ-CGL),6,NTT,Nathapettai,nathapettai,
CHENNAI,Kanchipuram Line (AJJ-CGL),7,WJ,Walajabad,walajabad,
CHENNAI,Kanchipuram Line (AJJ-CGL),8,PYV,Pazhaya Seevaram,pazhaya seevaram,
CHENNAI,Kanchipuram Line (AJJ-CGL),9,PALR,Palur,palur,
CHENNAI,Kanchipuram Line (AJJ-CGL),10,VB,Villiyambakkam,villiyambakkam,
CHENNAI,Kanchipuram Line (AJJ-CGL),11,RDY,Reddipalaiyam,reddipalaiyam,
CHENNAI,Kanchipuram Line (AJJ-CGL),12,CGL,Chengalpattu Junction,chengalpattu junction,
CHENNAI,Arakkonam-Renigunta Border,1,AJJ,Arakkonam Junction,arakkonam junction,
CHENNAI,Arakkonam-Renigunta Border,2,TRT,Tiruttani,tiruttani,
CHENNAI,Arakkonam-Renigunta Border,3,POI,Ponpadi,ponpadi,
CHENNAI,Arakkonam-Renigunta Border,4,VKZ,Venkatanarasimharajuvaripeta,venkatanarasimharajuvaripeta,
CHENNAI,Arakkonam-Renigunta Border,5,NG,Nagari,nagari,
CHENNAI,Arakkonam-Renigunta Border,6,EKM,Ekambarakuppam,ekambarakuppam,
CHENNAI,Arakkonam-Renigunta Border,7,VGA,Vepagunta,vepagunta,
CHENNAI,Arakkonam-Renigunta Border,8,PUT,Puttur,puttur,
CHENNAI,Arakkonam-Renigunta Border,9,TDK,Taduku,taduku,
CHENNAI,Arakkonam-Renigunta Border,10,PUDI,Pudi,pudi,
SALEM,Main Line (JTJ-SA-ED-CBE),1,JTJ,Jolarpettai Junction,jolarpettai junction,
SALEM,Main Line (JTJ-SA-ED-CBE),2,TPT,Tirupattur,tirupattur,
SALEM,Main Line (JTJ-SA-ED-CBE),3,MOLK,Molakarampatti,molakarampatti,
SALEM,Main Line (JTJ-SA-ED-CBE),4,KEY,Kagankarai,kagankarai,
SALEM,Main Line (JTJ-SA-ED-CBE),5,KNNT,Kunnathur,kunnathur,
SALEM,Main Line (JTJ-SA-ED-CBE),6,SLY,Samalpatti,samalpatti,
SALEM,Main Line (JTJ-SA-ED-CBE),7,DST,Dasampatti,dasampatti,
SALEM,Main Line (JTJ-SA-ED-CBE),8,DPI,Doddampatti,doddampatti,
SALEM,Main Line (JTJ-SA-ED-CBE),9,MAP,Morappur,morappur,
SALEM,Main Line (JTJ-SA-ED-CBE),10,TNGR,Thonganur,thonganur,
SALEM,Main Line (JTJ-SA-ED-CBE),11,BDY,Buddireddipatti,buddireddipatti,
SALEM,Main Line (JTJ-SA-ED-CBE),12,BQI,Bommidi,bommidi,
SALEM,Main Line (JTJ-SA-ED-CBE),13,LCR,Lokur,lokur,
SALEM,Main Line (JTJ-SA-ED-CBE),14,DSPT,Danishpet,danishpet,
SALEM,Main Line (JTJ-SA-ED-CBE),15,TNT,Tinnappatti,tinnappatti,
SALEM,Main Line (JTJ-SA-ED-CBE),16,KPPR,Karuppur,karuppur,
SALEM,Main Line (JTJ-SA-ED-CBE),17,MGSJ,Magnesite Junction,magnesite junction,
SALEM,Main Line (JTJ-SA-ED-CBE),18,SA,Salem Junction,salem junction,
SALEM,Main Line (JTJ-SA-ED-CBE),19,NEA,Neykkarapatti,neykkarapatti,
SALEM,Main Line (JTJ-SA-ED-CBE),20,VRPD,Virapandy Road,virapandy road,
SALEM,Main Line (JTJ-SA-ED-CBE),21,DC,Magudanchavadi,magudanchavadi,
SALEM,Main Line (JTJ-SA-ED-CBE),22,MVPM,Mavelipalayam,mavelipalayam,
SALEM,Main Line (JTJ-SA-ED-CBE),23,SGE,Sankaridurg,sankaridurg,
SALEM,Main Line (JTJ-SA-ED-CBE),24,ANU,Anangur,anangur,
SALEM,Main Line (JTJ-SA-ED-CBE),25,CV,Cauvery,cauvery,
SALEM,Main Line (JTJ-SA-ED-CBE),26,ED,Erode Junction,erode junction,
SALEM,Main Line (JTJ-SA-ED-CBE),27,TPM,Totiyapalayam,totiyapalayam,
SALEM,Main Line (JTJ-SA-ED-CBE),28,PY,Perundurai,perundurai,
SALEM,Main Line (JTJ-SA-ED-CBE),29,IGR,Ingur,ingur,
SALEM,Main Line (JTJ-SA-ED-CBE),30,VZ,Vijayamangalam,vijayamangalam,
SALEM,Main Line (JTJ-SA-ED-CBE),31,UKL,Uttukuli,uttukuli,
SALEM,Main Line (JTJ-SA-ED-CBE),32,KUY,Kulipalayam,kulipalayam,
SALEM,Main Line (JTJ-SA-ED-CBE),33,TUP,Tiruppur,tiruppur,
SALEM,Main Line (JTJ-SA-ED-CBE),34,VNJ,Vanjipalayam,vanjipalayam,
SALEM,Main Line (JTJ-SA-ED-CBE),35,SNO,Somanur,somanur,
SALEM,Main Line (JTJ-SA-ED-CBE),36,SUU,Sulur Road,sulur road,
SALEM,Main Line (JTJ-SA-ED-CBE),37,IGU,Irugur Junction,irugur junction,
SALEM,Main Line (JTJ-SA-ED-CBE),38,SIH,Singanallur,singanallur,
SALEM,Main Line (JTJ-SA-ED-CBE),39,PLMD,Pilamedu,pilamedu,
SALEM,Main Line (JTJ-SA-ED-CBE),40,CBF,Coimbatore North Junction,coimbatore north junction,
SALEM,Main Line (JTJ-SA-ED-CBE),41,CBE,Coimbatore Junction,coimbatore junction,
SALEM,Salem-Namakkal-Karur-Dindigul,1,SA,Salem Junction,salem junction,
SALEM,Salem-Namakkal-Karur-Dindigul,2,MALR,Mallur,mallur,
SALEM,Salem-Namakkal-Karur-Dindigul,3,RASP,Rasipuram,rasipuram,
SALEM,Salem-Namakkal-Karur-Dindigul,4,KLGN,Kalangani,kalangani,
SALEM,Salem-Namakkal-Karur-Dindigul,5,NMKL,Namakkal,namakkal,
SALEM,Salem-Namakkal-Karur-Dindigul,6,MONR,Mohanur,mohanur,
SALEM,Salem-Namakkal-Karur-Dindigul,7,VNGL,Vangal,vangal,
SALEM,Salem-Namakkal-Karur-Dindigul,8,KRR,Karur Junction,karur junction,
SALEM,Salem-Namakkal-Karur-Dindigul,9,VEI,Velliyanai,velliyanai,
SALEM,Salem-Namakkal-Karur-Dindigul,10,PALM,Palaiyam,palaiyam,
SALEM,Salem-Namakkal-Karur-Dindigul,11,ERI,Eriodu,eriodu,
SALEM,Salem-Namakkal-Karur-Dindigul,12,DG,Dindigul Junction,dindigul junction,
SALEM,Erode-Trichy via Karur,1,ED,Erode Junction,erode junction,
SALEM,Erode-Trichy via Karur,2,CVD,Chavadipalaiyam,chavadipalaiyam,
SALEM,Erode-Trichy via Karur,3,PAS,Pasur,pasur,
SALEM,Erode-Trichy via Karur,4,URL,Unjalur,unjalur,
SALEM,Erode-Trichy via Karur,5,KMD,Kodumudi,kodumudi,
SALEM,Erode-Trichy via Karur,6,PGR,Pugalur,pugalur,
SALEM,Erode-Trichy via Karur,7,MPLM,Murthipalayam,murthipalayam,
SALEM,Erode-Trichy via Karur,8,KRR,Karur Junction,karur junction,
SALEM,Erode-Trichy via Karur,9,VRQ,Virarakkiyam,virarakkiyam,
SALEM,Erode-Trichy via Karur,10,MYU,Mayanoor,mayanoor,
SALEM,Erode-Trichy via Karur,11,SEV,Sithalavai,sithalavai,
SALEM,Erode-Trichy via Karur,12,MMH,Mahadanapuram,mahadanapuram,
SALEM,Erode-Trichy via Karur,13,LP,Lalapet,lalapet,
SALEM,Erode-Trichy via Karur,14,TIC,Timmachipuram,timmachipuram,
SALEM,Erode-Trichy via Karur,15,KLT,Kulitalai,kulitalai,
SALEM,Erode-Trichy via Karur,16,PLI,Pettaivaytalai,pettaivaytalai,
SALEM,Erode-Trichy via Karur,17,PGN,Perugamani,perugamani,
SALEM,Erode-Trichy via Karur,18,EL,Elamanur,elamanur,
SALEM,Erode-Trichy via Karur,19,JPM,Jiyapuram,jiyapuram,
SALEM,Erode-Trichy via Karur,20,MTNL,Muttarasanallur,muttarasanallur,
SALEM,Erode-Trichy via Karur,21,TP,Tiruchirappalli Fort,tiruchirappalli fort,
SALEM,Erode-Trichy via Karur,22,TPE,Tiruchchirappalli Palakkarai,tiruchchirappalli palakkarai,
SALEM,Erode-Trichy via Karur,23,TPJ,Tiruchirappalli Junction,tiruchirappalli junction,
SALEM,Salem-Vridhachalam,1,SA,Salem Junction,salem junction,
SALEM,Salem-Vridhachalam,2,SXT,Salem Town,salem town,
SALEM,Salem-Vridhachalam,3,APN,Ayodhyapattanam,ayodhyapattanam,
SALEM,Salem-Vridhachalam,4,MPL,Minnampalli,minnampalli,
SALEM,Salem-Vridhachalam,5,VGE,Valappadi Gate,valappadi gate,
SALEM,Salem-Vridhachalam,6,ETP,Ettapur Road,ettapur road,
SALEM,Salem-Vridhachalam,7,PDKM,Pedanayakanpalayam,pedanayakanpalayam,
SALEM,Salem-Vridhachalam,8,ATU,Attur,attur,
SALEM,Salem-Vridhachalam,9,TVS,Talaivasal,talaivasal,
SALEM,Salem-Vridhachalam,10,MLYR,Melnariyappanur,melnariyappanur,
SALEM,Salem-Vridhachalam,11,CHSM,Chinna Salem,chinna salem,
SALEM,Salem-Vridhachalam,12,SRVT,Siruvattur,siruvattur,
SALEM,Salem-Vridhachalam,13,PRV,Pukkiravari,pukkiravari,
SALEM,Salem-Vridhachalam,14,KKTI,Kuttakudi,kuttakudi,
SALEM,Salem-Vridhachalam,15,MKSP,Mukhasaparur,mukhasaparur,
SALEM,Salem-Vridhachalam,16,VRI,Vridhachalam Junction,vridhachalam junction,
SALEM,Salem-KSR Bengaluru (via DPJ),1,SA,Salem Junction,salem junction,0.0
SALEM,Salem-KSR Bengaluru (via DPJ),2,OML,Omalur Junction,omalur junction,11.0
SALEM,Salem-KSR Bengaluru (via DPJ),3,TGN,Tholasampatti,tholasampatti,19.0
SALEM,Salem-KSR Bengaluru (via DPJ),4,TOP,Toppur,toppur,34.0
SALEM,Salem-KSR Bengaluru (via DPJ),5,DPJ,Dharmappuri,dharmappuri,66.0
SALEM,Salem-KSR Bengaluru (via DPJ),6,PCV,Palakkodu,palakkodu,92.0
SALEM,Salem-KSR Bengaluru (via DPJ),7,RYC,Rayakottai,rayakottai,124.0
SALEM,Salem-KSR Bengaluru (via DPJ),8,HSRA,Hosur,hosur,159.0
SALEM,Salem-KSR Bengaluru (via DPJ),9,AQL,Anekal Road,anekal road,173.0
SALEM,Salem-KSR Bengaluru (via DPJ),10,HLE,Heelalige,heelalige,183.0
SALEM,Salem-KSR Bengaluru (via DPJ),11,CRLM,Carmelaram,carmelaram,193.0
SALEM,Salem-KSR Bengaluru (via DPJ),12,BYPL,Baiyappanahalli,baiyappanahalli,200.0
SALEM,Salem-KSR Bengaluru (via DPJ),13,BNCE,Bengaluru East,bengaluru east,203.0
SALEM,Salem-KSR Bengaluru (via DPJ),14,BNC,Bengaluru Cantt.,bengaluru cantt,205.0
SALEM,Salem-KSR Bengaluru (via DPJ),15,SBC,KSR Bengaluru City,ksr bengaluru city,209.0
SALEM,Salem-SMVT Bengaluru (via DPJ),1,SA,Salem Junction,salem junction,0.0
SALEM,Salem-SMVT Bengaluru (via DPJ),2,OML,Omalur Junction,omalur junction,11.0
SALEM,Salem-SMVT Bengaluru (via DPJ),3,TGN,Tholasampatti,tholasampatti,19.0
SALEM,Salem-SMVT Bengaluru (via DPJ),4,TOP,Toppur,toppur,34.0
SALEM,Salem-SMVT Bengaluru (via DPJ),5,DPJ,Dharmappuri,dharmappuri,66.0
SALEM,Salem-SMVT Bengaluru (via DPJ),6,PCV,Palakkodu,palakkodu,92.0
SALEM,Salem-SMVT Bengaluru (via DPJ),7,RYC,Rayakottai,rayakottai,124.0
SALEM,Salem-SMVT Bengaluru (via DPJ),8,HSRA,Hosur,hosur,159.0
SALEM,Salem-SMVT Bengaluru (via DPJ),9,AQL,Anekal Road,anekal road,173.0
SALEM,Salem-SMVT Bengaluru (via DPJ),10,HLE,Heelalige,heelalige,183.0
SALEM,Salem-SMVT Bengaluru (via DPJ),11,CRLM,Carmelaram,carmelaram,193.0
SALEM,Salem-SMVT Bengaluru (via DPJ),12,BYPL,Baiyappanahalli,baiyappanahalli,200.0
SALEM,Salem-SMVT Bengaluru (via DPJ),13,SMVB,SMVT Bengaluru,smvt bengaluru,211.0
SALEM,Salem-Yesvantpur (via DPJ),1,SA,Salem Junction,salem junction,0.0
SALEM,Salem-Yesvantpur (via DPJ),2,OML,Omalur Junction,omalur junction,11.0
SALEM,Salem-Yesvantpur (via DPJ),3,TGN,Tholasampatti,tholasampatti,19.0
SALEM,Salem-Yesvantpur (via DPJ),4,TOP,Toppur,toppur,34.0
SALEM,Salem-Yesvantpur (via DPJ),5,DPJ,Dharmappuri,dharmappuri,66.0
SALEM,Salem-Yesvantpur (via DPJ),6,PCV,Palakkodu,palakkodu,92.0
SALEM,Salem-Yesvantpur (via DPJ),7,RYC,Rayakottai,rayakottai,124.0
SALEM,Salem-Yesvantpur (via DPJ),8,HSRA,Hosur,hosur,159.0
SALEM,Salem-Yesvantpur (via DPJ),9,AQL,Anekal Road,anekal road,173.0
SALEM,Salem-Yesvantpur (via DPJ),10,HLE,Heelalige,heelalige,183.0
SALEM,Salem-Yesvantpur (via DPJ),11,CRLM,Carmelaram,carmelaram,193.0
SALEM,Salem-Yesvantpur (via DPJ),12,BYPL,Baiyappanahalli,baiyappanahalli,200.0
SALEM,Salem-Yesvantpur (via DPJ),13,BNCE,Bengaluru East,bengaluru east,203.0
SALEM,Salem-Yesvantpur (via DPJ),14,BNC,Bengaluru Cantt.,bengaluru cantt,205.0
SALEM,Salem-Yesvantpur (via DPJ),15,YPR,Yesvantpur Junction,yesvantpur junction,215.0
SALEM,Salem-Mettur Dam,1,SA,Salem Junction,salem junction,0.0
SALEM,Salem-Mettur Dam,2,OML,Omalur Junction,omalur junction,11.0
SALEM,Salem-Mettur Dam,3,MCRD,Mecheri Road,mecheri road,27.0
SALEM,Salem-Mettur Dam,4,MTDM,Mettur Dam,mettur dam,40.0
SALEM,Coimbatore-Mettupalayam,1,CBE,Coimbatore Junction,coimbatore junction,
SALEM,Coimbatore-Mettupalayam,2,TDE,Thudiyalur,thudiyalur,
SALEM,Coimbatore-Mettupalayam,3,PKD,Periyanaickenpalayam,periyanaickenpalayam,
SALEM,Coimbatore-Mettupalayam,4,KAY,Karaimadai,karaimadai,
SALEM,Coimbatore-Mettupalayam,5,MTP,Mettupalayam,mettupalayam,
SALEM,Nilgiri Mountain Railway,1,MTP,Mettupalayam,mettupalayam,
SALEM,Nilgiri Mountain Railway,2,HLG,Hillgrove,hillgrove,
SALEM,Nilgiri Mountain Railway,3,ONR,Coonoor,coonoor,
SALEM,Nilgiri Mountain Railway,4,WEL,Wellington,wellington,
SALEM,Nilgiri Mountain Railway,5,AVK,Aravankadu,aravankadu,
SALEM,Nilgiri Mountain Railway,6,KXT,Ketti,ketti,
SALEM,Nilgiri Mountain Railway,7,LOV,Lovedale,lovedale,
SALEM,Nilgiri Mountain Railway,8,UAM,Udagamandalam,udagamandalam,
PALAKKAD,Coimbatore - Palakkad,1,CBE,Coimbatore Junction,coimbatore junction,
PALAKKAD,Coimbatore - Palakkad,2,PTJ,Podanur Junction,podanur junction,
PALAKKAD,Coimbatore - Palakkad,3,MDKI,Madukarai,madukarai,
PALAKKAD,Coimbatore - Palakkad,4,ETMD,Ettimadai,ettimadai,
PALAKKAD,Coimbatore - Palakkad,5,WRA,Walayar,walayar,
PALAKKAD,Coimbatore - Palakkad,6,KJKD,Kanjikode,kanjikode,
PALAKKAD,Coimbatore - Palakkad,7,PGT,Palakkad Junction,palakkad junction,
PALAKKAD,Palakkad - Irugur (Bypass via Podanur),1,PGT,Palakkad Junction,palakkad junction,
PALAKKAD,Palakkad - Irugur (Bypass via Podanur),2,KJKD,Kanjikode,kanjikode,
PALAKKAD,Palakkad - Irugur (Bypass via Podanur),3,WRA,Walayar,walayar,
PALAKKAD,Palakkad - Irugur (Bypass via Podanur),4,ETMD,Ettimadai,ettimadai,
PALAKKAD,Palakkad - Irugur (Bypass via Podanur),5,MDKI,Madukarai,madukarai,
PALAKKAD,Palakkad - Irugur (Bypass via Podanur),6,PTJ,Podanur Junction,podanur junction,
PALAKKAD,Palakkad - Irugur (Bypass via Podanur),7,IGU,Irugur Junction,irugur junction,
PALAKKAD,Palakkad - Shoranur,1,PGT,Palakkad Junction,palakkad junction,
PALAKKAD,Palakkad - Shoranur,2,PLL,Parli,parli,
PALAKKAD,Palakkad - Shoranur,3,LDY,Lakkiti,lakkiti,
PALAKKAD,Palakkad - Shoranur,4,OTP,Ottappalam,ottappalam,
PALAKKAD,Palakkad - Shoranur,5,MNUR,Mannanur,mannanur,
PALAKKAD,Palakkad - Shoranur,6,SRR,Shoranur Junction,shoranur junction,
PALAKKAD,Shoranur-Mangalore,1,SRR,Shoranur Junction,shoranur junction,
PALAKKAD,Shoranur-Mangalore,2,PTB,Pattambi,pattambi,
PALAKKAD,Shoranur-Mangalore,3,KODN,Kodumunda,kodumunda,
PALAKKAD,Shoranur-Mangalore,4,PUM,Pallippuram,pallippuram,
PALAKKAD,Shoranur-Mangalore,5,KTU,Kuttippuram,kuttippuram,
PALAKKAD,Shoranur-Mangalore,6,TUA,Tirunnavaya,tirunnavaya,
PALAKKAD,Shoranur-Mangalore,7,TIR,Tirur,tirur,
PALAKKAD,Shoranur-Mangalore,8,TA,Tanur,tanur,
PALAKKAD,Shoranur-Mangalore,9,PGI,Parappanangadi,parappanangadi,
PALAKKAD,Shoranur-Mangalore,10,VLI,Vallikunnu,vallikunnu,
PALAKKAD,Shoranur-Mangalore,11,KN,Kadalundi,kadalundi,
PALAKKAD,Shoranur-Mangalore,12,FK,Ferok,ferok,
PALAKKAD,Shoranur-Mangalore,13,KUL,Kallayi,kallayi,
PALAKKAD,Shoranur-Mangalore,14,CLT,Kozhikode,kozhikode,
PALAKKAD,Shoranur-Mangalore,15,VLL,Vellayil,vellayil,
PALAKKAD,Shoranur-Mangalore,16,WH,West Hill,west hill,
PALAKKAD,Shoranur-Mangalore,17,ETR,Elattur,elattur,
PALAKKAD,Shoranur-Mangalore,18,CMC,Chemancheri,chemancheri,
PALAKKAD,Shoranur-Mangalore,19,QLD,Quilandi,quilandi,
PALAKKAD,Shoranur-Mangalore,20,VEK,Vellarakkad,vellarakkad,
PALAKKAD,Shoranur-Mangalore,21,TKT,Tikkotti,tikkotti,
PALAKKAD,Shoranur-Mangalore,22,PYQR,Payyoli,payyoli,
PALAKKAD,Shoranur-Mangalore,23,IGL,Iringal,iringal,
PALAKKAD,Shoranur-Mangalore,24,BDJ,Vadakara,vadakara,
PALAKKAD,Shoranur-Mangalore,25,NAU,Nadapuramold,nadapuramold,
PALAKKAD,Shoranur-Mangalore,26,MUKE,Mukkali,mukkali,
PALAKKAD,Shoranur-Mangalore,27,MAHE,Mahe,mahe,
PALAKKAD,Shoranur-Mangalore,28,JGE,Jagannath Temple Gate,jagannath temple gate,
PALAKKAD,Shoranur-Mangalore,29,TLY,Thalassery,thalassery,
PALAKKAD,Shoranur-Mangalore,30,DMD,Dharmadam,dharmadam,
PALAKKAD,Shoranur-Mangalore,31,ETK,Etakkot,etakkot,
PALAKKAD,Shoranur-Mangalore,32,CS,Kannur South,kannur south,
PALAKKAD,Shoranur-Mangalore,33,CAN,Kannur,kannur,
PALAKKAD,Shoranur-Mangalore,34,VAPM,Valapattanam,valapattanam,
PALAKKAD,Shoranur-Mangalore,35,PPNS,Pappinisseri,pappinisseri,
PALAKKAD,Shoranur-Mangalore,36,KPQ,Kannapuram,kannapuram,
PALAKKAD,Shoranur-Mangalore,37,PAZ,Payangadi,payangadi,
PALAKKAD,Shoranur-Mangalore,38,ELM,Ezhimala,ezhimala,
PALAKKAD,Shoranur-Mangalore,39,PAY,Payyanur,payyanur,
PALAKKAD,Shoranur-Mangalore,40,TKQ,Trikarpur,trikarpur,
PALAKKAD,Shoranur-Mangalore,41,CHV,Charvattur,charvattur,
PALAKKAD,Shoranur-Mangalore,42,NLE,Nileshwar,nileshwar,
PALAKKAD,Shoranur-Mangalore,43,KZE,Kanhangad,kanhangad,
PALAKKAD,Shoranur-Mangalore,44,BFR,Bekal Fort,bekal fort,
PALAKKAD,Shoranur-Mangalore,45,KQK,Kotikulam,kotikulam,
PALAKKAD,Shoranur-Mangalore,46,KLAD,Kalanad,kalanad,
PALAKKAD,Shoranur-Mangalore,47,KGQ,Kasaragod,kasaragod,
PALAKKAD,Shoranur-Mangalore,48,KMQ,Kumbala,kumbala,
PALAKKAD,Shoranur-Mangalore,49,UAA,Uppala,uppala,
PALAKKAD,Shoranur-Mangalore,50,MJS,Manjeshwar,manjeshwar,
PALAKKAD,Shoranur-Mangalore,51,ULL,Ullal,ullal,
PALAKKAD,Shoranur-Mangalore,52,MAQ,Mangalore Central,mangalore central,
PALAKKAD,Shoranur-Mangalore,53,MAJN,Mangalore Junction,mangalore junction,
PALAKKAD,Shoranur-Mangalore,54,PNMB,Panambur,panambur,
PALAKKAD,Shoranur-Mangalore,55,TOK,Thokur,thokur,
PALAKKAD,Shoranur-Mangalore,56,JOKT,Jokatte,jokatte,
PALAKKAD,Palakkad-Pollachi,1,PGT,Palakkad Junction,palakkad junction,
PALAKKAD,Palakkad-Pollachi,2,PGTN,Palakkad Town,palakkad town,
PALAKKAD,Palakkad-Pollachi,3,PDGM,Pudunagaram,pudunagaram,
PALAKKAD,Palakkad-Pollachi,4,VDK,Vadakannikapuram,vadakannikapuram,
PALAKKAD,Palakkad-Pollachi,5,KLGD,Kollengode,kollengode,
PALAKKAD,Palakkad-Pollachi,6,MMDA,Muthalamada,muthalamada,
PALAKKAD,Palakkad-Pollachi,7,MXM,Minatchipuram,minatchipuram,
PALAKKAD,Palakkad-Pollachi,8,POY,Pollachi Junction,pollachi junction,
PALAKKAD,Shoranur-Nilambur,1,SRR,Shoranur Junction,shoranur junction,
PALAKKAD,Shoranur-Nilambur,2,VDKS,Vadanamkurushi,vadanamkurushi,
PALAKKAD,Shoranur-Nilambur,3,VPZ,Vallapuzha,vallapuzha,
PALAKKAD,Shoranur-Nilambur,4,KZC,Kulukkallur,kulukkallur,
PALAKKAD,Shoranur-Nilambur,5,CQA,Cherukara,cherukara,
PALAKKAD,Shoranur-Nilambur,6,AAM,Angadipuram,angadipuram,
PALAKKAD,Shoranur-Nilambur,7,PKQ,Pattikkad,pattikkad,
PALAKKAD,Shoranur-Nilambur,8,MLTR,Melattur,melattur,
PALAKKAD,Shoranur-Nilambur,9,TUV,Tuvvur,tuvvur,
PALAKKAD,Shoranur-Nilambur,10,TDPM,Todiyapulam,todiyapulam,
PALAKKAD,Shoranur-Nilambur,11,VNB,Vaniyambalam,vaniyambalam,
PALAKKAD,Shoranur-Nilambur,12,NIL,Nilambur Road,nilambur road,
TVC,Main Line (via Kottayam),1,SRR,Shoranur Junction,shoranur junction,
TVC,Main Line (via Kottayam),2,VTK,Vallathol Nagar,vallathol nagar,
TVC,Main Line (via Kottayam),3,MUC,Mullurkara,mullurkara,
TVC,Main Line (via Kottayam),4,WKI,Wadakancheri,wadakancheri,
TVC,Main Line (via Kottayam),5,MGK,Mulagunnathukavu,mulagunnathukavu,
TVC,Main Line (via Kottayam),6,PNQ,Punkunnam,punkunnam,
TVC,Main Line (via Kottayam),7,TCR,Thrissur,thrissur,
TVC,Main Line (via Kottayam),8,OLR,Ollur,ollur,
TVC,Main Line (via Kottayam),9,PUK,Pudukkad,pudukkad,
TVC,Main Line (via Kottayam),10,NYI,Nellayi,nellayi,
TVC,Main Line (via Kottayam),11,IJK,Irinjalakuda,irinjalakuda,
TVC,Main Line (via Kottayam),12,CKI,Chalakudi,chalakudi,
TVC,Main Line (via Kottayam),13,DINR,Divine Nagar,divine nagar,
TVC,Main Line (via Kottayam),14,KRAN,Koratti Angadi,koratti angadi,
TVC,Main Line (via Kottayam),15,KUC,Karukkutty,karukkutty,
TVC,Main Line (via Kottayam),16,AFK,Angamaly,angamaly,
TVC,Main Line (via Kottayam),17,CWR,Chovvara,chovvara,
TVC,Main Line (via Kottayam),18,AWY,Aluva,aluva,
TVC,Main Line (via Kottayam),19,KLMR,Kalamassery,kalamassery,
TVC,Main Line (via Kottayam),20,IPL,Idappally,idappally,
TVC,Main Line (via Kottayam),21,ERN,Ernakulam Town,ernakulam town,
TVC,Main Line (via Kottayam),22,ERS,Ernakulam Junction,ernakulam junction,
TVC,Main Line (via Kottayam),23,TRTR,Thrippunithura,thrippunithura,
TVC,Main Line (via Kottayam),24,KFE,Chottanikkara Road,chottanikkara road,
TVC,Main Line (via Kottayam),25,MNTT,Mulanturutti,mulanturutti,
TVC,Main Line (via Kottayam),26,KPTM,Kanjiramittam,kanjiramittam,
TVC,Main Line (via Kottayam),27,PVRD,Piravom Road,piravom road,
TVC,Main Line (via Kottayam),28,VARD,Vaikom Road,vaikom road,
TVC,Main Line (via Kottayam),29,KDTY,Kaduturutty,kaduturutty,
TVC,Main Line (via Kottayam),30,KRPP,Kuruppanthara,kuruppanthara,
TVC,Main Line (via Kottayam),31,ETM,Ettumanur,ettumanur,
TVC,Main Line (via Kottayam),32,KFQ,Kumaranallur,kumaranallur,
TVC,Main Line (via Kottayam),33,KTYM,Kottayam,kottayam,
TVC,Main Line (via Kottayam),34,CGY,Changanassery,changanassery,
TVC,Main Line (via Kottayam),35,TRVL,Tiruvalla,tiruvalla,
TVC,Main Line (via Kottayam),36,CNGR,Chengannur,chengannur,
TVC,Main Line (via Kottayam),37,CYN,Cheriyanad,cheriyanad,
TVC,Main Line (via Kottayam),38,MVLK,Mavelikara,mavelikara,
TVC,Main Line (via Kottayam),39,KYJ,Kayamkulam Junction,kayamkulam junction,
TVC,Main Line (via Kottayam),40,OCR,Ochira,ochira,
TVC,Main Line (via Kottayam),41,KPY,Karunagappally,karunagappally,
TVC,Main Line (via Kottayam),42,STKT,Sasthankotta,sasthankotta,
TVC,Main Line (via Kottayam),43,MQO,Munroturuttu,munroturuttu,
TVC,Main Line (via Kottayam),44,PRND,Perinad,perinad,
TVC,Main Line (via Kottayam),45,QLN,Kollam Junction,kollam junction,
TVC,Main Line (via Kottayam),46,IRP,Eravipuram,eravipuram,
TVC,Main Line (via Kottayam),47,MYY,Mayyanad,mayyanad,
TVC,Main Line (via Kottayam),48,PVU,Paravur,paravur,
TVC,Main Line (via Kottayam),49,KFI,Kappil,kappil,
TVC,Main Line (via Kottayam),50,EVA,Edavai,edavai,
TVC,Main Line (via Kottayam),51,VAK,Varkala Sivagiri,varkala sivagiri,
TVC,Main Line (via Kottayam),52,AMY,Akathumuri,akathumuri,
TVC,Main Line (via Kottayam),53,KVU,Kadakavur,kadakavur,
TVC,Main Line (via Kottayam),54,CRY,Chirayinkeezhu,chirayinkeezhu,
TVC,Main Line (via Kottayam),55,PGZ,Perunguzhi,perunguzhi,
TVC,Main Line (via Kottayam),56,MQU,Murukkampuzha,murukkampuzha,
TVC,Main Line (via Kottayam),57,KXP,Kaniyapuram,kaniyapuram,
TVC,Main Line (via Kottayam),58,KZK,Kazhakuttam,kazhakuttam,
TVC,Main Line (via Kottayam),59,VELI,Veli,veli,
TVC,Main Line (via Kottayam),60,KCVL,Kochuveli,kochuveli,
TVC,Main Line (via Kottayam),61,TVP,Trivandrum Pettah,trivandrum pettah,
TVC,Main Line (via Kottayam),62,TVC,Thiruvananthapuram Central,thiruvananthapuram central,
TVC,Coastal Line (Alappuzha),1,ERS,Ernakulam Junction,ernakulam junction,
TVC,Coastal Line (Alappuzha),2,KUMM,Kumbalam,kumbalam,
TVC,Coastal Line (Alappuzha),3,AROR,Aroor Halt,aroor halt,
TVC,Coastal Line (Alappuzha),4,EZP,Ezhupunna,ezhupunna,
TVC,Coastal Line (Alappuzha),5,TUVR,Turavur,turavur,
TVC,Coastal Line (Alappuzha),6,VAY,Vayalar,vayalar,
TVC,Coastal Line (Alappuzha),7,SRTL,Cherthala,cherthala,
TVC,Coastal Line (Alappuzha),8,TRVZ,Tiruvizha,tiruvizha,
TVC,Coastal Line (Alappuzha),9,MAKM,Mararikulam,mararikulam,
TVC,Coastal Line (Alappuzha),10,KAVR,Kalavur Halt,kalavur halt,
TVC,Coastal Line (Alappuzha),11,TMPY,Tumboli,tumboli,
TVC,Coastal Line (Alappuzha),12,ALLP,Alappuzha,alappuzha,
TVC,Coastal Line (Alappuzha),13,PNPR,Punnapra,punnapra,
TVC,Coastal Line (Alappuzha),14,AMPA,Ambalappuzha,ambalappuzha,
TVC,Coastal Line (Alappuzha),15,TZHI,Takazhi,takazhi,
TVC,Coastal Line (Alappuzha),16,KVTA,Karuvatta Halt,karuvatta halt,
TVC,Coastal Line (Alappuzha),17,HAD,Haripad,haripad,
TVC,Coastal Line (Alappuzha),18,CHPD,Cheppad,cheppad,
TVC,Coastal Line (Alappuzha),19,KYJ,Kayamkulam Junction,kayamkulam junction,
TVC,Thiruvananthapuram (TVC) - Kanyakumari (CAPE),1,TVC,Thiruvananthapuram Central,thiruvananthapuram central,
TVC,Thiruvananthapuram (TVC) - Kanyakumari (CAPE),2,NEM,Nemom,nemom,
TVC,Thiruvananthapuram (TVC) - Kanyakumari (CAPE),3,BRAM,Balaramapuram,balaramapuram,
TVC,Thiruvananthapuram (TVC) - Kanyakumari (CAPE),4,NYY,Neyyattinkara,neyyattinkara,
TVC,Thiruvananthapuram (TVC) - Kanyakumari (CAPE),5,AMVA,Amaravila,amaravila,
TVC,Thiruvananthapuram (TVC) - Kanyakumari (CAPE),6,DAVM,Dhanuvachapuram,dhanuvachapuram,
TVC,Thiruvananthapuram (TVC) - Kanyakumari (CAPE),7,PASA,Parassala,parassala,
TVC,Thiruvananthapuram (TVC) - Kanyakumari (CAPE),8,KZTW,Kulitturai West,kulitturai west,
TVC,Thiruvananthapuram (TVC) - Kanyakumari (CAPE),9,KZT,Kulitturai,kulitturai,
TVC,Thiruvananthapuram (TVC) - Kanyakumari (CAPE),10,PYD,Palliyadi,palliyadi,
TVC,Thiruvananthapuram (TVC) - Kanyakumari (CAPE),11,ERL,Eraniel,eraniel,
TVC,Thiruvananthapuram (TVC) - Kanyakumari (CAPE),12,VRLR,Virani Alur,virani alur,
TVC,Thiruvananthapuram (TVC) - Kanyakumari (CAPE),13,NJT,Nagercoil Town,nagercoil town,
TVC,Thiruvananthapuram (TVC) - Kanyakumari (CAPE),14,NCJ,Nagercoil Junction,nagercoil junction,
TVC,Thiruvananthapuram (TVC) - Kanyakumari (CAPE),15,SUCH,Suchindram,suchindram,
TVC,Thiruvananthapuram (TVC) - Kanyakumari (CAPE),16,CAPE,Kanyakumari,kanyakumari,
TVC,Tirunelveli (TEN) - Nagercoil (NCJ),1,TEN,Tirunelveli Junction,tirunelveli junction,
TVC,Tirunelveli (TEN) - Nagercoil (NCJ),2,MP,Melappalaiyam,melappalaiyam,
TVC,Tirunelveli (TEN) - Nagercoil (NCJ),3,SGLM,Sengulam,sengulam,
TVC,Tirunelveli (TEN) - Nagercoil (NCJ),4,NNN,Nanguneri,nanguneri,
TVC,Tirunelveli (TEN) - Nagercoil (NCJ),5,DYS,Dalapathy Samudram,dalapathy samudram,
TVC,Tirunelveli (TEN) - Nagercoil (NCJ),6,VLY,Valliyur,valliyur,
TVC,Tirunelveli (TEN) - Nagercoil (NCJ),7,NPK,North Panakudi,north panakudi,
TVC,Tirunelveli (TEN) - Nagercoil (NCJ),8,KVLK,Kavalkinaru,kavalkinaru,
TVC,Tirunelveli (TEN) - Nagercoil (NCJ),9,AAY,Aralvaymozhi,aralvaymozhi,
TVC,Tirunelveli (TEN) - Nagercoil (NCJ),10,THX,Tovalai,tovalai,
TVC,Tirunelveli (TEN) - Nagercoil (NCJ),11,NCJ,Nagercoil Junction,nagercoil junction,
TVC,Kollam-Sengottai,1,QLN,Kollam Junction,kollam junction,
TVC,Kollam-Sengottai,2,KLQ,Kilikollur,kilikollur,
TVC,Kollam-Sengottai,3,CTPE,Chandanatop,chandanatop,
TVC,Kollam-Sengottai,4,KFV,Kundara East,kundara east,
TVC,Kollam-Sengottai,5,KUV,Kundara,kundara,
TVC,Kollam-Sengottai,6,EKN,Ezhukone,ezhukone,
TVC,Kollam-Sengottai,7,KKZ,Kottarakara,kottarakara,
TVC,Kollam-Sengottai,8,KIF,Kuri,kuri,
TVC,Kollam-Sengottai,9,AVS,Auvaneeswaram,auvaneeswaram,
TVC,Kollam-Sengottai,10,PUU,Punalur,punalur,
TVC,Kollam-Sengottai,11,EDN,Edamann,edamann,
TVC,Kollam-Sengottai,12,OKL,Ottakkal,ottakkal,
TVC,Kollam-Sengottai,13,TML,Tenmalai,tenmalai,
TVC,Kollam-Sengottai,14,KRA,Kazhuthuruthy,kazhuthuruthy,
TVC,Kollam-Sengottai,15,AYV,Aryankavu,aryankavu,
TVC,Kollam-Sengottai,16,BJM,Bhagavathipuram,bhagavathipuram,
TVC,Kollam-Sengottai,17,SCT,Sengottai,sengottai,
MDU,Dindigul-Madurai-Tirunelveli,1,DG,Dindigul Junction,dindigul junction,
MDU,Dindigul-Madurai-Tirunelveli,2,ABI,Ambaturai,ambaturai,
MDU,Dindigul-Madurai-Tirunelveli,3,KQN,Kodaikanal Road,kodaikanal road,
MDU,Dindigul-Madurai-Tirunelveli,4,VDP,Vadippatti,vadippatti,
MDU,Dindigul-Madurai-Tirunelveli,5,SDN,Sholavandan,sholavandan,
MDU,Dindigul-Madurai-Tirunelveli,6,SER,Samayanallur,samayanallur,
MDU,Dindigul-Madurai-Tirunelveli,7,KON,Kudalnagar,kudalnagar,
MDU,Dindigul-Madurai-Tirunelveli,8,MDU,Madurai Junction,madurai junction,
MDU,Dindigul-Madurai-Tirunelveli,9,TDN,Tirupparankundram,tirupparankundram,
MDU,Dindigul-Madurai-Tirunelveli,10,TMQ,Tirumangalam,tirumangalam,
MDU,Dindigul-Madurai-Tirunelveli,11,KGD,Kalligudi,kalligudi,
MDU,Dindigul-Madurai-Tirunelveli,12,VPT,Virudhunagar Junction,virudhunagar junction,
MDU,Dindigul-Madurai-Tirunelveli,13,TY,Tulukapati,tulukapati,
MDU,Dindigul-Madurai-Tirunelveli,14,SRT,Sattur,sattur,
MDU,Dindigul-Madurai-Tirunelveli,15,NLL,Nalli,nalli,
MDU,Dindigul-Madurai-Tirunelveli,16,CVP,Kovilpatti,kovilpatti,
MDU,Dindigul-Madurai-Tirunelveli,17,KDU,Kadambur,kadambur,
MDU,Dindigul-Madurai-Tirunelveli,18,IVL,Ilavelangal,ilavelangal,
MDU,Dindigul-Madurai-Tirunelveli,19,MEJ,Vanchi Maniyachchi,vanchi maniyachchi,
MDU,Dindigul-Madurai-Tirunelveli,20,NRK,Naraikkinaru,naraikkinaru,
MDU,Dindigul-Madurai-Tirunelveli,21,GDN,Gangaikondan,gangaikondan,
MDU,Dindigul-Madurai-Tirunelveli,22,TAY,Talaiyuthu,talaiyuthu,
MDU,Dindigul-Madurai-Tirunelveli,23,TEN,Tirunelveli Junction,tirunelveli junction,
MDU,Madurai-Rameswaram,1,MDU,Madurai Junction,madurai junction,
MDU,Madurai-Rameswaram,2,MES,Madurai East,madurai east,
MDU,Madurai-Rameswaram,3,ILA,Silaiman,silaiman,
MDU,Madurai-Rameswaram,4,TVN,Tiruppuvanam,tiruppuvanam,
MDU,Madurai-Rameswaram,5,TPC,Tiruppachetti,tiruppachetti,
MDU,Madurai-Rameswaram,6,RAGM,Rajagambiram,rajagambiram,
MDU,Madurai-Rameswaram,7,MNM,Manamadurai Junction,manamadurai junction,
MDU,Madurai-Rameswaram,8,SUX,Sudiyur,sudiyur,
MDU,Madurai-Rameswaram,9,PMK,Paramakudi,paramakudi,
MDU,Madurai-Rameswaram,10,SQD,Sattirakkudi,sattirakkudi,
MDU,Madurai-Rameswaram,11,RMD,Ramanathapuram,ramanathapuram,
MDU,Madurai-Rameswaram,12,VTV,Valantaravai,valantaravai,
MDU,Madurai-Rameswaram,13,UCP,Uchippuli,uchippuli,
MDU,Madurai-Rameswaram,14,MC,Mandapam Camp,mandapam camp,
MDU,Madurai-Rameswaram,15,MMM,Mandapam,mandapam,
MDU,Madurai-Rameswaram,16,PBM,Pamban Junction,pamban junction,
MDU,Madurai-Rameswaram,17,RMM,Rameswaram,rameswaram,
MDU,Virudhunagar-Sengottai,1,VPT,Virudhunagar Junction,virudhunagar junction,
MDU,Virudhunagar-Sengottai,2,TTL,Tiruttangal,tiruttangal,
MDU,Virudhunagar-Sengottai,3,SVKS,Sivakasi,sivakasi,
MDU,Virudhunagar-Sengottai,4,SVPR,Srivilliputtur,srivilliputtur,
MDU,Virudhunagar-Sengottai,5,RJPM,Rajapalayam,rajapalayam,
MDU,Virudhunagar-Sengottai,6,CPM,Cholapuram,cholapuram,
MDU,Virudhunagar-Sengottai,7,SNKL,Sankarankovil,sankarankovil,
MDU,Virudhunagar-Sengottai,8,PBKS,Pamba Kovil Shandy,pamba kovil shandy,
MDU,Virudhunagar-Sengottai,9,KDNL,Kadayanallur,kadayanallur,
MDU,Virudhunagar-Sengottai,10,TSI,Tenkasi Junction,tenkasi junction,
MDU,Virudhunagar-Sengottai,11,SCT,Sengottai,sengottai,
MDU,Tirunelveli to Sengottai,1,TEN,Tirunelveli Junction,tirunelveli junction,
MDU,Tirunelveli to Sengottai,2,TYT,Tirunelveli Town,tirunelveli town,
MDU,Tirunelveli to Sengottai,3,PEA,Pettai,pettai,
MDU,Tirunelveli to Sengottai,4,SMD,Cheranmahadevi,cheranmahadevi,
MDU,Tirunelveli to Sengottai,5,KARK,Karaikkurichi,karaikkurichi,
MDU,Tirunelveli to Sengottai,6,VVR,Viravanallur,viravanallur,
MDU,Tirunelveli to Sengottai,7,KIC,Kallidaikurichi,kallidaikurichi,
MDU,Tirunelveli to Sengottai,8,ASD,Ambasamudram,ambasamudram,
MDU,Tirunelveli to Sengottai,9,KIB,Kizha Ambur,kizha ambur,
MDU,Tirunelveli to Sengottai,10,AZK,Alwarkurichi,alwarkurichi,
MDU,Tirunelveli to Sengottai,11,RVS,Ravanasamudram,ravanasamudram,
MDU,Tirunelveli to Sengottai,12,KKY,Kizhakadayam,kizhakadayam,
MDU,Tirunelveli to Sengottai,13,MTE,Mettur,mettur,
MDU,Tirunelveli to Sengottai,14,PCM,Pavurchatram,pavurchatram,
MDU,Tirunelveli to Sengottai,15,KYZ,Kizha Puliyur,kizha puliyur,
MDU,Tirunelveli to Sengottai,16,TSI,Tenkasi Junction,tenkasi junction,
MDU,Tirunelveli to Sengottai,17,SCT,Sengottai,sengottai,
MDU,Tirunelveli to Tiruchendur,1,TEN,Tirunelveli Junction,tirunelveli junction,
MDU,Tirunelveli to Tiruchendur,2,PCO,Palayamkottai,palayamkottai,
MDU,Tirunelveli to Tiruchendur,3,SDNR,Seydunganallur,seydunganallur,
MDU,Tirunelveli to Tiruchendur,4,TTQ,Thathankulam,thathankulam,
MDU,Tirunelveli to Tiruchendur,5,SVV,Srivaikuntam,srivaikuntam,
MDU,Tirunelveli to Tiruchendur,6,AWT,Alwar Tirunagri,alwar tirunagri,
MDU,Tirunelveli to Tiruchendur,7,NZT,Nazareth,nazareth,
MDU,Tirunelveli to Tiruchendur,8,KCHV,Kachchanvilai,kachchanvilai,
MDU,Tirunelveli to Tiruchendur,9,KZB,Kurumbur,kurumbur,
MDU,Tirunelveli to Tiruchendur,10,ANY,Arumuganeri,arumuganeri,
MDU,Tirunelveli to Tiruchendur,11,KZY,Kayalpattinam,kayalpattinam,
MDU,Tirunelveli to Tiruchendur,12,TCN,Tiruchendur,tiruchendur,
MDU,Madurai Junction–Bodinayakanur,1,MDU,Madurai Junction,madurai junction,
MDU,Madurai Junction–Bodinayakanur,2,VAJ,Vadapalanji,vadapalanji,
MDU,Madurai Junction–Bodinayakanur,3,USLP,Usilampatti,usilampatti,
MDU,Madurai Junction–Bodinayakanur,4,ADPT,Andipatti,andipatti,
MDU,Madurai Junction–Bodinayakanur,5,TENI,Theni,theni,
MDU,Madurai Junction–Bodinayakanur,6,BDNK,Bodinayakanur,bodinayakanur,
MDU,Vanchi Maniyachchi Junction – Tuticorin,1,MEJ,Vanchi Maniyachchi Junction,vanchi maniyachchi junction,
MDU,Vanchi Maniyachchi Junction – Tuticorin,2,KLPM,Kailasapuram,kailasapuram,
MDU,Vanchi Maniyachchi Junction – Tuticorin,3,TIP,Tattapparai,tattapparai,
MDU,Vanchi Maniyachchi Junction – Tuticorin,4,MVN,Milavittan,milavittan,
MDU,Vanchi Maniyachchi Junction – Tuticorin,5,TME,Tuti Melur,tuti melur,
MDU,Vanchi Maniyachchi Junction – Tuticorin,6,TN,Tuticorin,tuticorin,
MDU,Manamadurai-Virudhunagar,1,MNM,Manamadurai Junction,manamadurai junction,
MDU,Manamadurai-Virudhunagar,2,NKK,Narikkudi,narikkudi,
MDU,Manamadurai-Virudhunagar,3,TCH,Tiruchchuli,tiruchchuli,
MDU,Manamadurai-Virudhunagar,4,APK,Aruppukkottai,aruppukkottai,
MDU,Manamadurai-Virudhunagar,5,VPT,Virudhunagar Junction,virudhunagar junction,
MDU,Manamadurai-Trichy (via Karaikkudi),1,MNM,Manamadurai Junction,manamadurai junction,
MDU,Manamadurai-Trichy (via Karaikkudi),2,MEKM,Melakkonnakkulam,melakkonnakkulam,
MDU,Manamadurai-Trichy (via Karaikkudi),3,SVGA,Sivaganga,sivaganga,
MDU,Manamadurai-Trichy (via Karaikkudi),4,PNGI,Panangudi,panangudi,
MDU,Manamadurai-Trichy (via Karaikkudi),5,KAL,Kallal,kallal,
MDU,Manamadurai-Trichy (via Karaikkudi),6,DKO,Devakottai Road,devakottai road,
MDU,Manamadurai-Trichy (via Karaikkudi),7,KKDI,Karaikkudi Junction,karaikkudi junction,
MDU,Manamadurai-Trichy (via Karaikkudi),8,KTYR,Kottaiyur,kottaiyur,
MDU,Manamadurai-Trichy (via Karaikkudi),9,CTND,Chettinad,chettinad,
MDU,Manamadurai-Trichy (via Karaikkudi),10,TYM,Tirumayam,tirumayam,
MDU,Manamadurai-Trichy (via Karaikkudi),11,NMN,Namanasamudram,namanasamudram,
MDU,Manamadurai-Trichy (via Karaikkudi),12,PDKT,Pudukkottai,pudukkottai,
MDU,Manamadurai-Trichy (via Karaikkudi),13,VEL,Vellanur,vellanur,
MDU,Manamadurai-Trichy (via Karaikkudi),14,KRUR,Keeranur,keeranur,
MDU,Manamadurai-Trichy (via Karaikkudi),15,KRMG,Kumaramangalam,kumaramangalam,
MDU,Manamadurai-Trichy (via Karaikkudi),16,TPJ,Tiruchirappalli Junction,tiruchirappalli junction,
TRICHY,Villupuram-Trichy Chord,1,VM,Villupuram Junction,villupuram junction,
TRICHY,Villupuram-Trichy Chord,2,TVNL,Tiruvennainallur,tiruvennainallur,
TRICHY,Villupuram-Trichy Chord,3,PRT,Panruti,panruti,
TRICHY,Villupuram-Trichy Chord,4,ULU,Ulundurpet,ulundurpet,
TRICHY,Villupuram-Trichy Chord,5,PVN,Puvanur,puvanur,
TRICHY,Villupuram-Trichy Chord,6,VRI,Vridhachalam Junction,vridhachalam junction,
TRICHY,Villupuram-Trichy Chord,7,VRT,Vriddhachalam Town,vriddhachalam town,
TRICHY,Villupuram-Trichy Chord,8,PNDM,Pennadam,pennadam,
TRICHY,Villupuram-Trichy Chord,9,ICG,Ichchangadu,ichchangadu,
TRICHY,Villupuram-Trichy Chord,10,MTUR,Mathur,mathur,
TRICHY,Villupuram-Trichy Chord,11,SNDI,Sendurai,sendurai,
TRICHY,Villupuram-Trichy Chord,12,ALU,Ariyalur,ariyalur,
TRICHY,Villupuram-Trichy Chord,13,SLTH,Sillakkudi,sillakkudi,
TRICHY,Villupuram-Trichy Chord,14,KLGM,Kallagam,kallagam,
TRICHY,Villupuram-Trichy Chord,15,KKPM,Kallakkudi Palanganatham,kallakkudi palanganatham,
TRICHY,Villupuram-Trichy Chord,16,PMB,Pullambadi,pullambadi,
TRICHY,Villupuram-Trichy Chord,17,KTTR,Kattur,kattur,
TRICHY,Villupuram-Trichy Chord,18,LLI,Lalgudi,lalgudi,
TRICHY,Villupuram-Trichy Chord,19,VLDE,Valadi,valadi,
TRICHY,Villupuram-Trichy Chord,20,BXS,Pichchandarkovil,pichchandarkovil,
TRICHY,Villupuram-Trichy Chord,21,UKV,Gullivaram,gullivaram,
TRICHY,Villupuram-Trichy Chord,22,SRGM,Srirangam,srirangam,
TRICHY,Villupuram-Trichy Chord,23,TPTN,Tiruchchirappalli Town,tiruchchirappalli town,
TRICHY,Villupuram-Trichy Chord,24,GOC,Ponmalai,ponmalai,
TRICHY,Villupuram-Trichy Chord,25,TPJ,Tiruchirappalli Junction,tiruchirappalli junction,
TRICHY,Main Line (VM-MV-TPJ),1,VM,Villupuram Junction,villupuram junction,
TRICHY,Main Line (VM-MV-TPJ),2,VRA,Valavanur,valavanur,
TRICHY,Main Line (VM-MV-TPJ),3,TDPR,Tirupadripulyur,tirupadripulyur,
TRICHY,Main Line (VM-MV-TPJ),4,CUPJ,Cuddalore Port Junction,cuddalore port junction,
TRICHY,Main Line (VM-MV-TPJ),5,ALP,Alapakam,alapakam,
TRICHY,Main Line (VM-MV-TPJ),6,PO,Parangipettai,parangipettai,
TRICHY,Main Line (VM-MV-TPJ),7,KII,Kille,kille,
TRICHY,Main Line (VM-MV-TPJ),8,CDM,Chidambaram,chidambaram,
TRICHY,Main Line (VM-MV-TPJ),9,VMP,Vallampadugai,vallampadugai,
TRICHY,Main Line (VM-MV-TPJ),10,CLN,Kollidam,kollidam,
TRICHY,Main Line (VM-MV-TPJ),11,SY,Sirkazhi,sirkazhi,
TRICHY,Main Line (VM-MV-TPJ),12,VDL,Vaithisvarankoil,vaithisvarankoil,
TRICHY,Main Line (VM-MV-TPJ),13,ANP,Anandatandavapuram,anandatandavapuram,
TRICHY,Main Line (VM-MV-TPJ),14,NID,Nidur,nidur,
TRICHY,Main Line (VM-MV-TPJ),15,MV,Mayiladuthurai Junction,mayiladuthurai junction,
TRICHY,Main Line (VM-MV-TPJ),16,KTM,Kutralam,kutralam,
TRICHY,Main Line (VM-MV-TPJ),17,NPT,Narasingampettai,narasingampettai,
TRICHY,Main Line (VM-MV-TPJ),18,ADT,Aduturai,aduturai,
TRICHY,Main Line (VM-MV-TPJ),19,TRM,Tiruvidaimarudur,tiruvidaimarudur,
TRICHY,Main Line (VM-MV-TPJ),20,TRR,Tirunagesvaram,tirunagesvaram,
TRICHY,Main Line (VM-MV-TPJ),21,KMU,Kumbakonam,kumbakonam,
TRICHY,Main Line (VM-MV-TPJ),22,DSM,Darasuram,darasuram,
TRICHY,Main Line (VM-MV-TPJ),23,SWI,Swamimalai,swamimalai,
TRICHY,Main Line (VM-MV-TPJ),24,SPL,Sundaraperumal Kovil,sundaraperumal kovil,
TRICHY,Main Line (VM-MV-TPJ),25,PML,Papanasam,papanasam,
TRICHY,Main Line (VM-MV-TPJ),26,PDV,Pandaravadai,pandaravadai,
TRICHY,Main Line (VM-MV-TPJ),27,AZP,Ayyampet,ayyampet,
TRICHY,Main Line (VM-MV-TPJ),28,PVL,Pasupatikovil,pasupatikovil,
TRICHY,Main Line (VM-MV-TPJ),29,TT,Titte,titte,
TRICHY,Main Line (VM-MV-TPJ),30,TJ,Thanjavur Junction,thanjavur junction,
TRICHY,Main Line (VM-MV-TPJ),31,ALK,Alakkudi,alakkudi,
TRICHY,Main Line (VM-MV-TPJ),32,BAL,Budalur,budalur,
TRICHY,Main Line (VM-MV-TPJ),33,AYN,Aiyanapuram,aiyanapuram,
TRICHY,Main Line (VM-MV-TPJ),34,SGM,Solagampatti,solagampatti,
TRICHY,Main Line (VM-MV-TPJ),35,TOM,Tondamanpatti,tondamanpatti,
TRICHY,Main Line (VM-MV-TPJ),36,TRB,Tiruverumbur,tiruverumbur,
TRICHY,Main Line (VM-MV-TPJ),37,MCJ,Manjattidal,manjattidal,
TRICHY,Main Line (VM-MV-TPJ),38,GOC,Ponmalai,ponmalai,
TRICHY,Main Line (VM-MV-TPJ),39,TPJ,Tiruchirappalli Junction,tiruchirappalli junction,
TRICHY,Thanjavur-Karaikal-Velankanni,1,TJ,Thanjavur Junction,thanjavur junction,
TRICHY,Thanjavur-Karaikal-Velankanni,2,KXO,Kudikadu,kudikadu,
TRICHY,Thanjavur-Karaikal-Velankanni,3,SMM,Saliyamangalam,saliyamangalam,
TRICHY,Thanjavur-Karaikal-Velankanni,4,AMT,Ammapet,ammapet,
TRICHY,Thanjavur-Karaikal-Velankanni,5,KYV,Koyilvenni,koyilvenni,
TRICHY,Thanjavur-Karaikal-Velankanni,6,NMJ,Nidamangalam Junction,nidamangalam junction,
TRICHY,Thanjavur-Karaikal-Velankanni,7,KDE,Koradacheri,koradacheri,
TRICHY,Thanjavur-Karaikal-Velankanni,8,TMU,Tirumanthikunam,tirumanthikunam,
TRICHY,Thanjavur-Karaikal-Velankanni,9,KU,Kulikarai,kulikarai,
TRICHY,Thanjavur-Karaikal-Velankanni,10,TVR,Thiruvarur Junction,thiruvarur junction,
TRICHY,Thanjavur-Karaikal-Velankanni,11,AYM,Adiyakkamangalam,adiyakkamangalam,
TRICHY,Thanjavur-Karaikal-Velankanni,12,KOQ,Kuthur,kuthur,
TRICHY,Thanjavur-Karaikal-Velankanni,13,SKK,Sikkal,sikkal,
TRICHY,Thanjavur-Karaikal-Velankanni,14,NGT,Nagapattinam,nagapattinam,
TRICHY,Thanjavur-Karaikal-Velankanni,15,APE,Andanappettai,andanappettai,
TRICHY,Thanjavur-Karaikal-Velankanni,16,NCR,Nagore,nagore,
TRICHY,Thanjavur-Karaikal-Velankanni,17,TMPT,Tirumalairayanpattinam,tirumalairayanpattinam,
TRICHY,Thanjavur-Karaikal-Velankanni,18,KIK,Karaikal,karaikal,
TRICHY,Thanjavur-Karaikal-Velankanni,19,VLNK,Velankanni,velankanni,
TRICHY,Villupuram-Katpadi Branch,1,VM,Villupuram Junction,villupuram junction,
TRICHY,Villupuram-Katpadi Branch,2,VKM,Venkatesapuram,venkatesapuram,
TRICHY,Villupuram-Katpadi Branch,3,MMP,Mambalappattu,mambalappattu,
TRICHY,Villupuram-Katpadi Branch,4,AYD,Ayandur,ayandur,
TRICHY,Villupuram-Katpadi Branch,5,TRK,Tirukkovilur,tirukkovilur,
TRICHY,Villupuram-Katpadi Branch,6,ACN,Adhichchanur,adhichchanur,
TRICHY,Villupuram-Katpadi Branch,7,AND,Andampalayam,andampalayam,
TRICHY,Villupuram-Katpadi Branch,8,TNI,Tandarai,tandarai,
TRICHY,Villupuram-Katpadi Branch,9,TNM,Tiruvannamalai,tiruvannamalai,
TRICHY,Villupuram-Katpadi Branch,10,TJM,Turinjapuram,turinjapuram,
TRICHY,Villupuram-Katpadi Branch,11,AGM,Agaram Sibbandi,agaram sibbandi,
TRICHY,Villupuram-Katpadi Branch,12,PRL,Polur,polur,
TRICHY,Villupuram-Katpadi Branch,13,ARV,Arni Road,arni road,
TRICHY,Villupuram-Katpadi Branch,14,MCL,Madimangalam,madimangalam,
TRICHY,Villupuram-Katpadi Branch,15,SDPT,Sedarappattu,sedarappattu,
TRICHY,Villupuram-Katpadi Branch,16,OPM,Onnupuram,onnupuram,
TRICHY,Villupuram-Katpadi Branch,17,KMM,Kannamangalam,kannamangalam,
TRICHY,Villupuram-Katpadi Branch,18,KNB,Kaniyambadi,kaniyambadi,
TRICHY,Villupuram-Katpadi Branch,19,PNTR,Pennathur,pennathur,
TRICHY,Villupuram-Katpadi Branch,20,VLR,Vellore Cantt,vellore cantt,
TRICHY,Villupuram-Katpadi Branch,21,KPD,Katpadi Junction,katpadi junction,
TRICHY,Karaikkudi-Tiruvarur,1,KKDI,Karaikkudi Junction,karaikkudi junction,
TRICHY,Karaikkudi-Tiruvarur,2,KNPL,Kandanur Puduvayal,kandanur puduvayal,
TRICHY,Karaikkudi-Tiruvarur,3,VMM,Valaramanikkam,valaramanikkam,
TRICHY,Karaikkudi-Tiruvarur,4,ATQ,Arantangi,arantangi,
TRICHY,Karaikkudi-Tiruvarur,5,AYI,Ayingudi,ayingudi,
TRICHY,Karaikkudi-Tiruvarur,6,PVI,Peravurani,peravurani,
TRICHY,Karaikkudi-Tiruvarur,7,PKT,Pattukottai,pattukottai,
TRICHY,Karaikkudi-Tiruvarur,8,AMM,Adirampattinam,adirampattinam,
TRICHY,Karaikkudi-Tiruvarur,9,MTT,Mutupet,mutupet,
TRICHY,Karaikkudi-Tiruvarur,10,TAM,Tillaivilagam,tillaivilagam,
TRICHY,Karaikkudi-Tiruvarur,11,TTP,Tiruturaipundi Junction,tiruturaipundi junction,
TRICHY,Karaikkudi-Tiruvarur,12,ATB,Alattambadi,alattambadi,
TRICHY,Karaikkudi-Tiruvarur,13,MNLI,Manali Halt,manali halt,
TRICHY,Karaikkudi-Tiruvarur,14,AMNR,Ammanur,ammanur,
TRICHY,Karaikkudi-Tiruvarur,15,TNK,Tirunellikaval,tirunellikaval,
TRICHY,Karaikkudi-Tiruvarur,16,MARD,Mavur Road,mavur road,
TRICHY,Karaikkudi-Tiruvarur,17,MAX,Mangudi,mangudi,
TRICHY,Karaikkudi-Tiruvarur,18,TVR,Thiruvarur Junction,thiruvarur junction,
TRICHY,Villupuram-Puducherry,1,VM,Villupuram Junction,villupuram junction,
TRICHY,Villupuram-Puducherry,2,CBU,Chinna Babu Samudram,chinna babu samudram,
TRICHY,Villupuram-Puducherry,3,VI,Villianur,villianur,
TRICHY,Villupuram-Puducherry,4,PDY,Puducherry,puducherry,
TRICHY,Nidamangalam-Mannargudi,1,NMJ,Nidamangalam Junction,nidamangalam junction,
TRICHY,Nidamangalam-Mannargudi,2,MQ,Mannargudi,mannargudi,
TRICHY,Mayiladuthurai to Thiruvarur,1,MV,Mayiladuturai Junction,mayiladuturai junction,
TRICHY,Mayiladuthurai to Thiruvarur,2,PEM,Peralam Junction,peralam junction,
TRICHY,Mayiladuthurai to Thiruvarur,3,POM,Punthottam,punthottam,
TRICHY,Mayiladuthurai to Thiruvarur,4,NNM,Nannilam,nannilam,
TRICHY,Mayiladuthurai to Thiruvarur,5,TVR,Thiruvarur Junction,thiruvarur junction,
TRICHY,Peralam to Karaikal,1,PEM,Peralam Junction,peralam junction,
TRICHY,Peralam to Karaikal,2,ABT,Ambagarattur,ambagarattur,
TRICHY,Peralam to Karaikal,3,PCD,Pattakudi (Pathakudy),pattakudi pathakudy,
TRICHY,Peralam to Karaikal,4,TXR,Thirunallar,thirunallar,
TRICHY,Peralam to Karaikal,5,KVPT,Karai Kovilpathu,karai kovilpathu,
TRICHY,Peralam to Karaikal,6,KIK,Karaikal,karaikal,
