directed_edge,undirected_edge,route_line,distanceStatus
MAS->BBQ,BBQ-MAS,West Line (MAS-JTJ),NOT_AVAILABLE
BBQ->VJM,BBQ-VJM,West Line (MAS-JTJ),NOT_AVAILABLE
VJM->PER,PER-VJM,West Line (MAS-JTJ),NOT_AVAILABLE
PER->PCW,PCW-PER,West Line (MAS-JTJ),NOT_AVAILABLE
PCW->PEW,PCW-PEW,West Line (MAS-JTJ),NOT_AVAILABLE
PEW->VLK,PEW-VLK,West Line (MAS-JTJ),NOT_AVAILABLE
VLK->KOTR,KOTR-VLK,West Line (MAS-JTJ),NOT_AVAILABLE
KOTR->PVM,KOTR-PVM,West Line (MAS-JTJ),NOT_AVAILABLE
PVM->ABU,ABU-PVM,West Line (MAS-JTJ),NOT_AVAILABLE
ABU->TMVL,ABU-TMVL,West Line (MAS-JTJ),NOT_AVAILABLE
TMVL->ANNR,ANNR-TMVL,West Line (MAS-JTJ),NOT_AVAILABLE
ANNR->AVD,ANNR-AVD,West Line (MAS-JTJ),NOT_AVAILABLE
AVD->HC,AVD-HC,West Line (MAS-JTJ),NOT_AVAILABLE
HC->PAB,HC-PAB,West Line (MAS-JTJ),NOT_AVAILABLE
PAB->PTMS,PAB-PTMS,West Line (MAS-JTJ),NOT_AVAILABLE
PTMS->NEC,NEC-PTMS,West Line (MAS-JTJ),NOT_AVAILABLE
NEC->TI,NEC-TI,West Line (MAS-JTJ),NOT_AVAILABLE
TI->VEU,TI-VEU,West Line (MAS-JTJ),NOT_AVAILABLE
VEU->SVR,SVR-VEU,West Line (MAS-JTJ),NOT_AVAILABLE
SVR->PTLR,PTLR-SVR,West Line (MAS-JTJ),NOT_AVAILABLE
PTLR->TRL,PTLR-TRL,West Line (MAS-JTJ),NOT_AVAILABLE
TRL->EGT,EGT-TRL,West Line (MAS-JTJ),NOT_AVAILABLE
EGT->KBT,EGT-KBT,West Line (MAS-JTJ),NOT_AVAILABLE
KBT->SPAM,KBT-SPAM,West Line (MAS-JTJ),NOT_AVAILABLE
SPAM->MAF,MAF-SPAM,West Line (MAS-JTJ),NOT_AVAILABLE
MAF->TO,MAF-TO,West Line (MAS-JTJ),NOT_AVAILABLE
TO->MSU,MSU-TO,West Line (MAS-JTJ),NOT_AVAILABLE
MSU->PLMG,MSU-PLMG,West Line (MAS-JTJ),NOT_AVAILABLE
PLMG->AJJ,AJJ-PLMG,West Line (MAS-JTJ),NOT_AVAILABLE
AJJ->CTRE,AJJ-CTRE,West Line (MAS-JTJ),NOT_AVAILABLE
CTRE->AVN,AVN-CTRE,West Line (MAS-JTJ),NOT_AVAILABLE
AVN->MDVE,AVN-MDVE,West Line (MAS-JTJ),NOT_AVAILABLE
MDVE->SHU,MDVE-SHU,West Line (MAS-JTJ),NOT_AVAILABLE
SHU->TUG,SHU-TUG,West Line (MAS-JTJ),NOT_AVAILABLE
TUG->WJR,TUG-WJR,West Line (MAS-JTJ),NOT_AVAILABLE
WJR->MCN,MCN-WJR,West Line (MAS-JTJ),NOT_AVAILABLE
MCN->THL,MCN-THL,West Line (MAS-JTJ),NOT_AVAILABLE
THL->SVUR,SVUR-THL,West Line (MAS-JTJ),NOT_AVAILABLE
SVUR->KPD,KPD-SVUR,West Line (MAS-JTJ),NOT_AVAILABLE
KPD->LTI,KPD-LTI,West Line (MAS-JTJ),NOT_AVAILABLE
LTI->VJ,LTI-VJ,West Line (MAS-JTJ),NOT_AVAILABLE
VJ->KVN,KVN-VJ,West Line (MAS-JTJ),NOT_AVAILABLE
KVN->GYM,GYM-KVN,West Line (MAS-JTJ),NOT_AVAILABLE
GYM->MEH,GYM-MEH,West Line (MAS-JTJ),NOT_AVAILABLE
MEH->VLT,MEH-VLT,West Line (MAS-JTJ),NOT_AVAILABLE
VLT->MPI,MPI-VLT,West Line (MAS-JTJ),NOT_AVAILABLE
MPI->PCV,MPI-PCV,West Line (MAS-JTJ),NOT_AVAILABLE
PCV->AB,AB-PCV,West Line (MAS-JTJ),NOT_AVAILABLE
AB->VGM,AB-VGM,West Line (MAS-JTJ),NOT_AVAILABLE
VGM->VN,VGM-VN,West Line (MAS-JTJ),NOT_AVAILABLE
VN->KDY,KDY-VN,West Line (MAS-JTJ),NOT_AVAILABLE
KDY->JTJ,JTJ-KDY,West Line (MAS-JTJ),NOT_AVAILABLE
TNP->KOK,KOK-TNP,North Line (MAS-GDR),NOT_AVAILABLE
KOK->TVT,KOK-TVT,North Line (MAS-GDR),NOT_AVAILABLE
TVT->WCN,TVT-WCN,North Line (MAS-GDR),NOT_AVAILABLE
WCN->KAVM,KAVM-WCN,North Line (MAS-GDR),NOT_AVAILABLE
KAVM->ENR,ENR-KAVM,North Line (MAS-GDR),NOT_AVAILABLE
ENR->AIP,AIP-ENR,North Line (MAS-GDR),NOT_AVAILABLE
AIP->AIPP,AIP-AIPP,North Line (MAS-GDR),NOT_AVAILABLE
AIPP->NPKM,AIPP-NPKM,North Line (MAS-GDR),NOT_AVAILABLE
NPKM->MJR,MJR-NPKM,North Line (MAS-GDR),NOT_AVAILABLE
MJR->APB,APB-MJR,North Line (MAS-GDR),NOT_AVAILABLE
APB->PON,APB-PON,North Line (MAS-GDR),NOT_AVAILABLE
PON->KVP,KVP-PON,North Line (MAS-GDR),NOT_AVAILABLE
KVP->GPD,GPD-KVP,North Line (MAS-GDR),NOT_AVAILABLE
GPD->ELR,ELR-GPD,North Line (MAS-GDR),NOT_AVAILABLE
ELR->AKM,AKM-ELR,North Line (MAS-GDR),NOT_AVAILABLE
AKM->TADA,AKM-TADA,North Line (MAS-GDR),NOT_AVAILABLE
TADA->SPE,SPE-TADA,North Line (MAS-GDR),NOT_AVAILABLE
SPE->PEL,PEL-SPE,North Line (MAS-GDR),NOT_AVAILABLE
PEL->DVR,DVR-PEL,North Line (MAS-GDR),NOT_AVAILABLE
DVR->NYP,DVR-NYP,North Line (MAS-GDR),NOT_AVAILABLE
NYP->PYA,NYP-PYA,North Line (MAS-GDR),NOT_AVAILABLE
PYA->ODUR,ODUR-PYA,North Line (MAS-GDR),NOT_AVAILABLE
ODUR->GDR,GDR-ODUR,North Line (MAS-GDR),NOT_AVAILABLE
MS->MSC,MS-MSC,South Line (MS-VM),NOT_AVAILABLE
MSC->NBK,MSC-NBK,South Line (MS-VM),NOT_AVAILABLE
NBK->MKK,MKK-NBK,South Line (MS-VM),NOT_AVAILABLE
MKK->MBM,MBM-MKK,South Line (MS-VM),NOT_AVAILABLE
MBM->SP,MBM-SP,South Line (MS-VM),NOT_AVAILABLE
SP->GDY,GDY-SP,South Line (MS-VM),NOT_AVAILABLE
GDY->STM,GDY-STM,South Line (MS-VM),NOT_AVAILABLE
STM->PZA,PZA-STM,South Line (MS-VM),NOT_AVAILABLE
PZA->MN,MN-PZA,South Line (MS-VM),NOT_AVAILABLE
MN->TLM,MN-TLM,South Line (MS-VM),NOT_AVAILABLE
TLM->PV,PV-TLM,South Line (MS-VM),NOT_AVAILABLE
PV->CMP,CMP-PV,South Line (MS-VM),NOT_AVAILABLE
CMP->TBMS,CMP-TBMS,South Line (MS-VM),NOT_AVAILABLE
TBMS->TBM,TBM-TBMS,South Line (MS-VM),NOT_AVAILABLE
TBM->PRGL,PRGL-TBM,South Line (MS-VM),NOT_AVAILABLE
PRGL->VDR,PRGL-VDR,South Line (MS-VM),NOT_AVAILABLE
VDR->UPM,UPM-VDR,South Line (MS-VM),NOT_AVAILABLE
UPM->GI,GI-UPM,South Line (MS-VM),NOT_AVAILABLE
GI->POTI,GI-POTI,South Line (MS-VM),NOT_AVAILABLE
POTI->CTM,CTM-POTI,South Line (MS-VM),NOT_AVAILABLE
CTM->MMNK,CTM-MMNK,South Line (MS-VM),NOT_AVAILABLE
MMNK->SKL,MMNK-SKL,South Line (MS-VM),NOT_AVAILABLE
SKL->PWU,PWU-SKL,South Line (MS-VM),NOT_AVAILABLE
PWU->CGL,CGL-PWU,South Line (MS-VM),NOT_AVAILABLE
CGL->TRM,CGL-TRM,South Line (MS-VM),NOT_AVAILABLE
TRM->OV,OV-TRM,South Line (MS-VM),NOT_AVAILABLE
OV->PTM,OV-PTM,South Line (MS-VM),NOT_AVAILABLE
PTM->KGZ,KGZ-PTM,South Line (MS-VM),NOT_AVAILABLE
KGZ->MMK,KGZ-MMK,South Line (MS-VM),NOT_AVAILABLE
MMK->PAK,MMK-PAK,South Line (MS-VM),NOT_AVAILABLE
PAK->MLMR,MLMR-PAK,South Line (MS-VM),NOT_AVAILABLE
MLMR->ACK,ACK-MLMR,South Line (MS-VM),NOT_AVAILABLE
ACK->TZD,ACK-TZD,South Line (MS-VM),NOT_AVAILABLE
TZD->OLA,OLA-TZD,South Line (MS-VM),NOT_AVAILABLE
OLA->TMV,OLA-TMV,South Line (MS-VM),NOT_AVAILABLE
TMV->MTL,MTL-TMV,South Line (MS-VM),NOT_AVAILABLE
MTL->PEI,MTL-PEI,South Line (MS-VM),NOT_AVAILABLE
PEI->VV,PEI-VV,South Line (MS-VM),NOT_AVAILABLE
MSB->MSF,MSB-MSF,MRTS (MSB-VLCY),NOT_AVAILABLE
MSF->MPK,MPK-MSF,MRTS (MSB-VLCY),NOT_AVAILABLE
MPK->MCPT,MCPT-MPK,MRTS (MSB-VLCY),NOT_AVAILABLE
MCPT->MCPK,MCPK-MCPT,MRTS (MSB-VLCY),NOT_AVAILABLE
MCPK->MTCN,MCPK-MTCN,MRTS (MSB-VLCY),NOT_AVAILABLE
MTCN->MLHS,MLHS-MTCN,MRTS (MSB-VLCY),NOT_AVAILABLE
MLHS->MKAK,MKAK-MLHS,MRTS (MSB-VLCY),NOT_AVAILABLE
MKAK->MTMY,MKAK-MTMY,MRTS (MSB-VLCY),NOT_AVAILABLE
MTMY->MNDY,MNDY-MTMY,MRTS (MSB-VLCY),NOT_AVAILABLE
MNDY->GWYR,GWYR-MNDY,MRTS (MSB-VLCY),NOT_AVAILABLE
GWYR->KTPM,GWYR-KTPM,MRTS (MSB-VLCY),NOT_AVAILABLE
KTPM->KTBR,KTBR-KTPM,MRTS (MSB-VLCY),NOT_AVAILABLE
KTBR->INDR,INDR-KTBR,MRTS (MSB-VLCY),NOT_AVAILABLE
INDR->TYMR,INDR-TYMR,MRTS (MSB-VLCY),NOT_AVAILABLE
TYMR->TRMN,TRMN-TYMR,MRTS (MSB-VLCY),NOT_AVAILABLE
TRMN->PRGD,PRGD-TRMN,MRTS (MSB-VLCY),NOT_AVAILABLE
PRGD->VLCY,PRGD-VLCY,MRTS (MSB-VLCY),NOT_AVAILABLE
AJJ->TKO,AJJ-TKO,Kanchipuram Line (AJJ-CGL),NOT_AVAILABLE
TKO->TMLP,TKO-TMLP,Kanchipuram Line (AJJ-CGL),NOT_AVAILABLE
TMLP->CJ,CJ-TMLP,Kanchipuram Line (AJJ-CGL),NOT_AVAILABLE
CJ->CJE,CJ-CJE,Kanchipuram Line (AJJ-CGL),NOT_AVAILABLE
CJE->NTT,CJE-NTT,Kanchipuram Line (AJJ-CGL),NOT_AVAILABLE
NTT->WJ,NTT-WJ,Kanchipuram Line (AJJ-CGL),NOT_AVAILABLE
WJ->PYV,PYV-WJ,Kanchipuram Line (AJJ-CGL),NOT_AVAILABLE
PYV->PALR,PALR-PYV,Kanchipuram Line (AJJ-CGL),NOT_AVAILABLE
PALR->VB,PALR-VB,Kanchipuram Line (AJJ-CGL),NOT_AVAILABLE
VB->RDY,RDY-VB,Kanchipuram Line (AJJ-CGL),NOT_AVAILABLE
RDY->CGL,CGL-RDY,Kanchipuram Line (AJJ-CGL),NOT_AVAILABLE
AJJ->TRT,AJJ-TRT,Arakkonam-Renigunta Border,NOT_AVAILABLE
TRT->POI,POI-TRT,Arakkonam-Renigunta Border,NOT_AVAILABLE
POI->VKZ,POI-VKZ,Arakkonam-Renigunta Border,NOT_AVAILABLE
VKZ->NG,NG-VKZ,Arakkonam-Renigunta Border,NOT_AVAILABLE
NG->EKM,EKM-NG,Arakkonam-Renigunta Border,NOT_AVAILABLE
EKM->VGA,EKM-VGA,Arakkonam-Renigunta Border,NOT_AVAILABLE
VGA->PUT,PUT-VGA,Arakkonam-Renigunta Border,NOT_AVAILABLE
PUT->TDK,PUT-TDK,Arakkonam-Renigunta Border,NOT_AVAILABLE
TDK->PUDI,PUDI-TDK,Arakkonam-Renigunta Border,NOT_AVAILABLE
JTJ->TPT,JTJ-TPT,Main Line (JTJ-SA-ED-CBE),NOT_AVAILABLE
TPT->MOLK,MOLK-TPT,Main Line (JTJ-SA-ED-CBE),NOT_AVAILABLE
MOLK->KEY,KEY-MOLK,Main Line (JTJ-SA-ED-CBE),NOT_AVAILABLE
KEY->KNNT,KEY-KNNT,Main Line (JTJ-SA-ED-CBE),NOT_AVAILABLE
KNNT->SLY,KNNT-SLY,Main Line (JTJ-SA-ED-CBE),NOT_AVAILABLE
SLY->DST,DST-SLY,Main Line (JTJ-SA-ED-CBE),NOT_AVAILABLE
DST->DPI,DPI-DST,Main Line (JTJ-SA-ED-CBE),NOT_AVAILABLE
DPI->MAP,DPI-MAP,Main Line (JTJ-SA-ED-CBE),NOT_AVAILABLE
MAP->TNGR,MAP-TNGR,Main Line (JTJ-SA-ED-CBE),NOT_AVAILABLE
TNGR->BDY,BDY-TNGR,Main Line (JTJ-SA-ED-CBE),NOT_AVAILABLE
BDY->BQI,BDY-BQI,Main Line (JTJ-SA-ED-CBE),NOT_AVAILABLE
BQI->LCR,BQI-LCR,Main Line (JTJ-SA-ED-CBE),NOT_AVAILABLE
LCR->DSPT,DSPT-LCR,Main Line (JTJ-SA-ED-CBE),NOT_AVAILABLE
DSPT->TNT,DSPT-TNT,Main Line (JTJ-SA-ED-CBE),NOT_AVAILABLE
TNT->KPPR,KPPR-TNT,Main Line (JTJ-SA-ED-CBE),NOT_AVAILABLE
KPPR->MGSJ,KPPR-MGSJ,Main Line (JTJ-SA-ED-CBE),NOT_AVAILABLE
MGSJ->SA,MGSJ-SA,Main Line (JTJ-SA-ED-CBE),NOT_AVAILABLE
SA->NEA,NEA-SA,Main Line (JTJ-SA-ED-CBE),NOT_AVAILABLE
NEA->VRPD,NEA-VRPD,Main Line (JTJ-SA-ED-CBE),NOT_AVAILABLE
VRPD->DC,DC-VRPD,Main Line (JTJ-SA-ED-CBE),NOT_AVAILABLE
DC->MVPM,DC-MVPM,Main Line (JTJ-SA-ED-CBE),NOT_AVAILABLE
MVPM->SGE,MVPM-SGE,Main Line (JTJ-SA-ED-CBE),NOT_AVAILABLE
SGE->ANU,ANU-SGE,Main Line (JTJ-SA-ED-CBE),NOT_AVAILABLE
ANU->CV,ANU-CV,Main Line (JTJ-SA-ED-CBE),NOT_AVAILABLE
CV->ED,CV-ED,Main Line (JTJ-SA-ED-CBE),NOT_AVAILABLE
ED->TPM,ED-TPM,Main Line (JTJ-SA-ED-CBE),NOT_AVAILABLE
TPM->PY,PY-TPM,Main Line (JTJ-SA-ED-CBE),NOT_AVAILABLE
PY->IGR,IGR-PY,Main Line (JTJ-SA-ED-CBE),NOT_AVAILABLE
IGR->VZ,IGR-VZ,Main Line (JTJ-SA-ED-CBE),NOT_AVAILABLE
VZ->UKL,UKL-VZ,Main Line (JTJ-SA-ED-CBE),NOT_AVAILABLE
UKL->KUY,KUY-UKL,Main Line (JTJ-SA-ED-CBE),NOT_AVAILABLE
KUY->TUP,KUY-TUP,Main Line (JTJ-SA-ED-CBE),NOT_AVAILABLE
TUP->VNJ,TUP-VNJ,Main Line (JTJ-SA-ED-CBE),NOT_AVAILABLE
VNJ->SNO,SNO-VNJ,Main Line (JTJ-SA-ED-CBE),NOT_AVAILABLE
SNO->SUU,SNO-SUU,Main Line (JTJ-SA-ED-CBE),NOT_AVAILABLE
SUU->IGU,IGU-SUU,Main Line (JTJ-SA-ED-CBE),NOT_AVAILABLE
IGU->SIH,IGU-SIH,Main Line (JTJ-SA-ED-CBE),NOT_AVAILABLE
SIH->PLMD,PLMD-SIH,Main Line (JTJ-SA-ED-CBE),NOT_AVAILABLE
PLMD->CBF,CBF-PLMD,Main Line (JTJ-SA-ED-CBE),NOT_AVAILABLE
CBF->CBE,CBE-CBF,Main Line (JTJ-SA-ED-CBE),NOT_AVAILABLE
SA->MALR,MALR-SA,Salem-Namakkal-Karur-Dindigul,NOT_AVAILABLE
MALR->RASP,MALR-RASP,Salem-Namakkal-Karur-Dindigul,NOT_AVAILABLE
RASP->KLGN,KLGN-RASP,Salem-Namakkal-Karur-Dindigul,NOT_AVAILABLE
KLGN->NMKL,KLGN-NMKL,Salem-Namakkal-Karur-Dindigul,NOT_AVAILABLE
NMKL->MONR,MONR-NMKL,Salem-Namakkal-Karur-Dindigul,NOT_AVAILABLE
MONR->VNGL,MONR-VNGL,Salem-Namakkal-Karur-Dindigul,NOT_AVAILABLE
VNGL->KRR,KRR-VNGL,Salem-Namakkal-Karur-Dindigul,NOT_AVAILABLE
KRR->VEI,KRR-VEI,Salem-Namakkal-Karur-Dindigul,NOT_AVAILABLE
VEI->PALM,PALM-VEI,Salem-Namakkal-Karur-Dindigul,NOT_AVAILABLE
PALM->ERI,ERI-PALM,Salem-Namakkal-Karur-Dindigul,NOT_AVAILABLE
ERI->DG,DG-ERI,Salem-Namakkal-Karur-Dindigul,NOT_AVAILABLE
ED->CVD,CVD-ED,Erode-Trichy via Karur,NOT_AVAILABLE
CVD->PAS,CVD-PAS,Erode-Trichy via Karur,NOT_AVAILABLE
PAS->URL,PAS-URL,Erode-Trichy via Karur,NOT_AVAILABLE
URL->KMD,KMD-URL,Erode-Trichy via Karur,NOT_AVAILABLE
KMD->PGR,KMD-PGR,Erode-Trichy via Karur,NOT_AVAILABLE
PGR->MPLM,MPLM-PGR,Erode-Trichy via Karur,NOT_AVAILABLE
MPLM->KRR,KRR-MPLM,Erode-Trichy via Karur,NOT_AVAILABLE
KRR->VRQ,KRR-VRQ,Erode-Trichy via Karur,NOT_AVAILABLE
VRQ->MYU,MYU-VRQ,Erode-Trichy via Karur,NOT_AVAILABLE
MYU->SEV,MYU-SEV,Erode-Trichy via Karur,NOT_AVAILABLE
SEV->MMH,MMH-SEV,Erode-Trichy via Karur,NOT_AVAILABLE
MMH->LP,LP-MMH,Erode-Trichy via Karur,NOT_AVAILABLE
LP->TIC,LP-TIC,Erode-Trichy via Karur,NOT_AVAILABLE
TIC->KLT,KLT-TIC,Erode-Trichy via Karur,NOT_AVAILABLE
KLT->PLI,KLT-PLI,Erode-Trichy via Karur,NOT_AVAILABLE
PLI->PGN,PGN-PLI,Erode-Trichy via Karur,NOT_AVAILABLE
PGN->EL,EL-PGN,Erode-Trichy via Karur,NOT_AVAILABLE
EL->JPM,EL-JPM,Erode-Trichy via Karur,NOT_AVAILABLE
JPM->MTNL,JPM-MTNL,Erode-Trichy via Karur,NOT_AVAILABLE
MTNL->TP,MTNL-TP,Erode-Trichy via Karur,NOT_AVAILABLE
TP->TPE,TP-TPE,Erode-Trichy via Karur,NOT_AVAILABLE
TPE->TPJ,TPE-TPJ,Erode-Trichy via Karur,NOT_AVAILABLE
SA->SXT,SA-SXT,Salem-Vridhachalam,NOT_AVAILABLE
SXT->APN,APN-SXT,Salem-Vridhachalam,NOT_AVAILABLE
APN->MPL,APN-MPL,Salem-Vridhachalam,NOT_AVAILABLE
MPL->VGE,MPL-VGE,Salem-Vridhachalam,NOT_AVAILABLE
VGE->ETP,ETP-VGE,Salem-Vridhachalam,NOT_AVAILABLE
ETP->PDKM,ETP-PDKM,Salem-Vridhachalam,NOT_AVAILABLE
PDKM->ATU,ATU-PDKM,Salem-Vridhachalam,NOT_AVAILABLE
ATU->TVS,ATU-TVS,Salem-Vridhachalam,NOT_AVAILABLE
TVS->MLYR,MLYR-TVS,Salem-Vridhachalam,NOT_AVAILABLE
MLYR->CHSM,CHSM-MLYR,Salem-Vridhachalam,NOT_AVAILABLE
CHSM->SRVT,CHSM-SRVT,Salem-Vridhachalam,NOT_AVAILABLE
SRVT->PRV,PRV-SRVT,Salem-Vridhachalam,NOT_AVAILABLE
PRV->KKTI,KKTI-PRV,Salem-Vridhachalam,NOT_AVAILABLE
KKTI->MKSP,KKTI-MKSP,Salem-Vridhachalam,NOT_AVAILABLE
MKSP->VRI,MKSP-VRI,Salem-Vridhachalam,NOT_AVAILABLE
SA->OML,OML-SA,Salem-KSR Bengaluru (via DPJ),AVAILABLE
OML->TGN,OML-TGN,Salem-KSR Bengaluru (via DPJ),AVAILABLE
TGN->TOP,TGN-TOP,Salem-KSR Bengaluru (via DPJ),AVAILABLE
TOP->DPJ,DPJ-TOP,Salem-KSR Bengaluru (via DPJ),AVAILABLE
DPJ->PCV,DPJ-PCV,Salem-KSR Bengaluru (via DPJ),AVAILABLE
PCV->RYC,PCV-RYC,Salem-KSR Bengaluru (via DPJ),AVAILABLE
RYC->HSRA,HSRA-RYC,Salem-KSR Bengaluru (via DPJ),AVAILABLE
HSRA->AQL,AQL-HSRA,Salem-KSR Bengaluru (via DPJ),AVAILABLE
AQL->HLE,AQL-HLE,Salem-KSR Bengaluru (via DPJ),AVAILABLE
HLE->CRLM,CRLM-HLE,Salem-KSR Bengaluru (via DPJ),AVAILABLE
CRLM->BYPL,BYPL-CRLM,Salem-KSR Bengaluru (via DPJ),AVAILABLE
BYPL->BNCE,BNCE-BYPL,Salem-KSR Bengaluru (via DPJ),AVAILABLE
BNCE->BNC,BNC-BNCE,Salem-KSR Bengaluru (via DPJ),AVAILABLE
BNC->SBC,BNC-SBC,Salem-KSR Bengaluru (via DPJ),AVAILABLE
SA->OML,OML-SA,Salem-SMVT Bengaluru (via DPJ),AVAILABLE
OML->TGN,OML-TGN,Salem-SMVT Bengaluru (via DPJ),AVAILABLE
TGN->TOP,TGN-TOP,Salem-SMVT Bengaluru (via DPJ),AVAILABLE
TOP->DPJ,DPJ-TOP,Salem-SMVT Bengaluru (via DPJ),AVAILABLE
DPJ->PCV,DPJ-PCV,Salem-SMVT Bengaluru (via DPJ),AVAILABLE
PCV->RYC,PCV-RYC,Salem-SMVT Bengaluru (via DPJ),AVAILABLE
RYC->HSRA,HSRA-RYC,Salem-SMVT Bengaluru (via DPJ),AVAILABLE
HSRA->AQL,AQL-HSRA,Salem-SMVT Bengaluru (via DPJ),AVAILABLE
AQL->HLE,AQL-HLE,Salem-SMVT Bengaluru (via DPJ),AVAILABLE
HLE->CRLM,CRLM-HLE,Salem-SMVT Bengaluru (via DPJ),AVAILABLE
CRLM->BYPL,BYPL-CRLM,Salem-SMVT Bengaluru (via DPJ),AVAILABLE
BYPL->SMVB,BYPL-SMVB,Salem-SMVT Bengaluru (via DPJ),AVAILABLE
SA->OML,OML-SA,Salem-Yesvantpur (via DPJ),AVAILABLE
OML->TGN,OML-TGN,Salem-Yesvantpur (via DPJ),AVAILABLE
TGN->TOP,TGN-TOP,Salem-Yesvantpur (via DPJ),AVAILABLE
TOP->DPJ,DPJ-TOP,Salem-Yesvantpur (via DPJ),AVAILABLE
DPJ->PCV,DPJ-PCV,Salem-Yesvantpur (via DPJ),AVAILABLE
PCV->RYC,PCV-RYC,Salem-Yesvantpur (via DPJ),AVAILABLE
RYC->HSRA,HSRA-RYC,Salem-Yesvantpur (via DPJ),AVAILABLE
HSRA->AQL,AQL-HSRA,Salem-Yesvantpur (via DPJ),AVAILABLE
AQL->HLE,AQL-HLE,Salem-Yesvantpur (via DPJ),AVAILABLE
HLE->CRLM,CRLM-HLE,Salem-Yesvantpur (via DPJ),AVAILABLE
CRLM->BYPL,BYPL-CRLM,Salem-Yesvantpur (via DPJ),AVAILABLE
BYPL->BNCE,BNCE-BYPL,Salem-Yesvantpur (via DPJ),AVAILABLE
BNCE->BNC,BNC-BNCE,Salem-Yesvantpur (via DPJ),AVAILABLE
BNC->YPR,BNC-YPR,Salem-Yesvantpur (via DPJ),AVAILABLE
SA->OML,OML-SA,Salem-Mettur Dam,AVAILABLE
OML->MCRD,MCRD-OML,Salem-Mettur Dam,AVAILABLE
MCRD->MTDM,MCRD-MTDM,Salem-Mettur Dam,AVAILABLE
CBE->TDE,CBE-TDE,Coimbatore-Mettupalayam,NOT_AVAILABLE
TDE->PKD,PKD-TDE,Coimbatore-Mettupalayam,NOT_AVAILABLE
PKD->KAY,KAY-PKD,Coimbatore-Mettupalayam,NOT_AVAILABLE
KAY->MTP,KAY-MTP,Coimbatore-Mettupalayam,NOT_AVAILABLE
MTP->HLG,HLG-MTP,Nilgiri Mountain Railway,NOT_AVAILABLE
HLG->ONR,HLG-ONR,Nilgiri Mountain Railway,NOT_AVAILABLE
ONR->WEL,ONR-WEL,Nilgiri Mountain Railway,NOT_AVAILABLE
WEL->AVK,AVK-WEL,Nilgiri Mountain Railway,NOT_AVAILABLE
AVK->KXT,AVK-KXT,Nilgiri Mountain Railway,NOT_AVAILABLE
KXT->LOV,KXT-LOV,Nilgiri Mountain Railway,NOT_AVAILABLE
LOV->UAM,LOV-UAM,Nilgiri Mountain Railway,NOT_AVAILABLE
CBE->PTJ,CBE-PTJ,Coimbatore - Palakkad,NOT_AVAILABLE
PTJ->MDKI,MDKI-PTJ,Coimbatore - Palakkad,NOT_AVAILABLE
MDKI->ETMD,ETMD-MDKI,Coimbatore - Palakkad,NOT_AVAILABLE
ETMD->WRA,ETMD-WRA,Coimbatore - Palakkad,NOT_AVAILABLE
WRA->KJKD,KJKD-WRA,Coimbatore - Palakkad,NOT_AVAILABLE
KJKD->PGT,KJKD-PGT,Coimbatore - Palakkad,NOT_AVAILABLE
PGT->KJKD,KJKD-PGT,Palakkad - Irugur (Bypass via Podanur),NOT_AVAILABLE
KJKD->WRA,KJKD-WRA,Palakkad - Irugur (Bypass via Podanur),NOT_AVAILABLE
WRA->ETMD,ETMD-WRA,Palakkad - Irugur (Bypass via Podanur),NOT_AVAILABLE
ETMD->MDKI,ETMD-MDKI,Palakkad - Irugur (Bypass via Podanur),NOT_AVAILABLE
MDKI->PTJ,MDKI-PTJ,Palakkad - Irugur (Bypass via Podanur),NOT_AVAILABLE
PTJ->IGU,IGU-PTJ,Palakkad - Irugur (Bypass via Podanur),NOT_AVAILABLE
PGT->PLL,PGT-PLL,Palakkad - Shoranur,NOT_AVAILABLE
PLL->LDY,LDY-PLL,Palakkad - Shoranur,NOT_AVAILABLE
LDY->OTP,LDY-OTP,Palakkad - Shoranur,NOT_AVAILABLE
OTP->MNUR,MNUR-OTP,Palakkad - Shoranur,NOT_AVAILABLE
MNUR->SRR,MNUR-SRR,Palakkad - Shoranur,NOT_AVAILABLE
SRR->PTB,PTB-SRR,Shoranur-Mangalore,NOT_AVAILABLE
PTB->KODN,KODN-PTB,Shoranur-Mangalore,NOT_AVAILABLE
KODN->PUM,KODN-PUM,Shoranur-Mangalore,NOT_AVAILABLE
PUM->KTU,KTU-PUM,Shoranur-Mangalore,NOT_AVAILABLE
KTU->TUA,KTU-TUA,Shoranur-Mangalore,NOT_AVAILABLE
TUA->TIR,TIR-TUA,Shoranur-Mangalore,NOT_AVAILABLE
TIR->TA,TA-TIR,Shoranur-Mangalore,NOT_AVAILABLE
TA->PGI,PGI-TA,Shoranur-Mangalore,NOT_AVAILABLE
PGI->VLI,PGI-VLI,Shoranur-Mangalore,NOT_AVAILABLE
VLI->KN,KN-VLI,Shoranur-Mangalore,NOT_AVAILABLE
KN->FK,FK-KN,Shoranur-Mangalore,NOT_AVAILABLE
FK->KUL,FK-KUL,Shoranur-Mangalore,NOT_AVAILABLE
KUL->CLT,CLT-KUL,Shoranur-Mangalore,NOT_AVAILABLE
CLT->VLL,CLT-VLL,Shoranur-Mangalore,NOT_AVAILABLE
VLL->WH,VLL-WH,Shoranur-Mangalore,NOT_AVAILABLE
WH->ETR,ETR-WH,Shoranur-Mangalore,NOT_AVAILABLE
ETR->CMC,CMC-ETR,Shoranur-Mangalore,NOT_AVAILABLE
CMC->QLD,CMC-QLD,Shoranur-Mangalore,NOT_AVAILABLE
QLD->VEK,QLD-VEK,Shoranur-Mangalore,NOT_AVAILABLE
VEK->TKT,TKT-VEK,Shoranur-Mangalore,NOT_AVAILABLE
TKT->PYQR,PYQR-TKT,Shoranur-Mangalore,NOT_AVAILABLE
PYQR->IGL,IGL-PYQR,Shoranur-Mangalore,NOT_AVAILABLE
IGL->BDJ,BDJ-IGL,Shoranur-Mangalore,NOT_AVAILABLE
BDJ->NAU,BDJ-NAU,Shoranur-Mangalore,NOT_AVAILABLE
NAU->MUKE,MUKE-NAU,Shoranur-Mangalore,NOT_AVAILABLE
MUKE->MAHE,MAHE-MUKE,Shoranur-Mangalore,NOT_AVAILABLE
MAHE->JGE,JGE-MAHE,Shoranur-Mangalore,NOT_AVAILABLE
JGE->TLY,JGE-TLY,Shoranur-Mangalore,NOT_AVAILABLE
TLY->DMD,DMD-TLY,Shoranur-Mangalore,NOT_AVAILABLE
DMD->ETK,DMD-ETK,Shoranur-Mangalore,NOT_AVAILABLE
ETK->CS,CS-ETK,Shoranur-Mangalore,NOT_AVAILABLE
CS->CAN,CAN-CS,Shoranur-Mangalore,NOT_AVAILABLE
CAN->VAPM,CAN-VAPM,Shoranur-Mangalore,NOT_AVAILABLE
VAPM->PPNS,PPNS-VAPM,Shoranur-Mangalore,NOT_AVAILABLE
PPNS->KPQ,KPQ-PPNS,Shoranur-Mangalore,NOT_AVAILABLE
KPQ->PAZ,KPQ-PAZ,Shoranur-Mangalore,NOT_AVAILABLE
PAZ->ELM,ELM-PAZ,Shoranur-Mangalore,NOT_AVAILABLE
ELM->PAY,ELM-PAY,Shoranur-Mangalore,NOT_AVAILABLE
PAY->TKQ,PAY-TKQ,Shoranur-Mangalore,NOT_AVAILABLE
TKQ->CHV,CHV-TKQ,Shoranur-Mangalore,NOT_AVAILABLE
CHV->NLE,CHV-NLE,Shoranur-Mangalore,NOT_AVAILABLE
NLE->KZE,KZE-NLE,Shoranur-Mangalore,NOT_AVAILABLE
KZE->BFR,BFR-KZE,Shoranur-Mangalore,NOT_AVAILABLE
BFR->KQK,BFR-KQK,Shoranur-Mangalore,NOT_AVAILABLE
KQK->KLAD,KLAD-KQK,Shoranur-Mangalore,NOT_AVAILABLE
KLAD->KGQ,KGQ-KLAD,Shoranur-Mangalore,NOT_AVAILABLE
KGQ->KMQ,KGQ-KMQ,Shoranur-Mangalore,NOT_AVAILABLE
KMQ->UAA,KMQ-UAA,Shoranur-Mangalore,NOT_AVAILABLE
UAA->MJS,MJS-UAA,Shoranur-Mangalore,NOT_AVAILABLE
MJS->ULL,MJS-ULL,Shoranur-Mangalore,NOT_AVAILABLE
ULL->MAQ,MAQ-ULL,Shoranur-Mangalore,NOT_AVAILABLE
MAQ->MAJN,MAJN-MAQ,Shoranur-Mangalore,NOT_AVAILABLE
MAJN->PNMB,MAJN-PNMB,Shoranur-Mangalore,NOT_AVAILABLE
PNMB->TOK,PNMB-TOK,Shoranur-Mangalore,NOT_AVAILABLE
TOK->JOKT,JOKT-TOK,Shoranur-Mangalore,NOT_AVAILABLE
PGT->PGTN,PGT-PGTN,Palakkad-Pollachi,NOT_AVAILABLE
PGTN->PDGM,PDGM-PGTN,Palakkad-Pollachi,NOT_AVAILABLE
PDGM->VDK,PDGM-VDK,Palakkad-Pollachi,NOT_AVAILABLE
VDK->KLGD,KLGD-VDK,Palakkad-Pollachi,NOT_AVAILABLE
KLGD->MMDA,KLGD-MMDA,Palakkad-Pollachi,NOT_AVAILABLE
MMDA->MXM,MMDA-MXM,Palakkad-Pollachi,NOT_AVAILABLE
MXM->POY,MXM-POY,Palakkad-Pollachi,NOT_AVAILABLE
SRR->VDKS,SRR-VDKS,Shoranur-Nilambur,NOT_AVAILABLE
VDKS->VPZ,VDKS-VPZ,Shoranur-Nilambur,NOT_AVAILABLE
VPZ->KZC,KZC-VPZ,Shoranur-Nilambur,NOT_AVAILABLE
KZC->CQA,CQA-KZC,Shoranur-Nilambur,NOT_AVAILABLE
CQA->AAM,AAM-CQA,Shoranur-Nilambur,NOT_AVAILABLE
AAM->PKQ,AAM-PKQ,Shoranur-Nilambur,NOT_AVAILABLE
PKQ->MLTR,MLTR-PKQ,Shoranur-Nilambur,NOT_AVAILABLE
MLTR->TUV,MLTR-TUV,Shoranur-Nilambur,NOT_AVAILABLE
TUV->TDPM,TDPM-TUV,Shoranur-Nilambur,NOT_AVAILABLE
TDPM->VNB,TDPM-VNB,Shoranur-Nilambur,NOT_AVAILABLE
VNB->NIL,NIL-VNB,Shoranur-Nilambur,NOT_AVAILABLE
SRR->VTK,SRR-VTK,Main Line (via Kottayam),NOT_AVAILABLE
VTK->MUC,MUC-VTK,Main Line (via Kottayam),NOT_AVAILABLE
MUC->WKI,MUC-WKI,Main Line (via Kottayam),NOT_AVAILABLE
WKI->MGK,MGK-WKI,Main Line (via Kottayam),NOT_AVAILABLE
MGK->PNQ,MGK-PNQ,Main Line (via Kottayam),NOT_AVAILABLE
PNQ->TCR,PNQ-TCR,Main Line (via Kottayam),NOT_AVAILABLE
TCR->OLR,OLR-TCR,Main Line (via Kottayam),NOT_AVAILABLE
OLR->PUK,OLR-PUK,Main Line (via Kottayam),NOT_AVAILABLE
PUK->NYI,NYI-PUK,Main Line (via Kottayam),NOT_AVAILABLE
NYI->IJK,IJK-NYI,Main Line (via Kottayam),NOT_AVAILABLE
IJK->CKI,CKI-IJK,Main Line (via Kottayam),NOT_AVAILABLE
CKI->DINR,CKI-DINR,Main Line (via Kottayam),NOT_AVAILABLE
DINR->KRAN,DINR-KRAN,Main Line (via Kottayam),NOT_AVAILABLE
KRAN->KUC,KRAN-KUC,Main Line (via Kottayam),NOT_AVAILABLE
KUC->AFK,AFK-KUC,Main Line (via Kottayam),NOT_AVAILABLE
AFK->CWR,AFK-CWR,Main Line (via Kottayam),NOT_AVAILABLE
CWR->AWY,AWY-CWR,Main Line (via Kottayam),NOT_AVAILABLE
AWY->KLMR,AWY-KLMR,Main Line (via Kottayam),NOT_AVAILABLE
KLMR->IPL,IPL-KLMR,Main Line (via Kottayam),NOT_AVAILABLE
IPL->ERN,ERN-IPL,Main Line (via Kottayam),NOT_AVAILABLE
ERN->ERS,ERN-ERS,Main Line (via Kottayam),NOT_AVAILABLE
ERS->TRTR,ERS-TRTR,Main Line (via Kottayam),NOT_AVAILABLE
TRTR->KFE,KFE-TRTR,Main Line (via Kottayam),NOT_AVAILABLE
KFE->MNTT,KFE-MNTT,Main Line (via Kottayam),NOT_AVAILABLE
MNTT->KPTM,KPTM-MNTT,Main Line (via Kottayam),NOT_AVAILABLE
KPTM->PVRD,KPTM-PVRD,Main Line (via Kottayam),NOT_AVAILABLE
PVRD->VARD,PVRD-VARD,Main Line (via Kottayam),NOT_AVAILABLE
VARD->KDTY,KDTY-VARD,Main Line (via Kottayam),NOT_AVAILABLE
KDTY->KRPP,KDTY-KRPP,Main Line (via Kottayam),NOT_AVAILABLE
KRPP->ETM,ETM-KRPP,Main Line (via Kottayam),NOT_AVAILABLE
ETM->KFQ,ETM-KFQ,Main Line (via Kottayam),NOT_AVAILABLE
KFQ->KTYM,KFQ-KTYM,Main Line (via Kottayam),NOT_AVAILABLE
KTYM->CGY,CGY-KTYM,Main Line (via Kottayam),NOT_AVAILABLE
CGY->TRVL,CGY-TRVL,Main Line (via Kottayam),NOT_AVAILABLE
TRVL->CNGR,CNGR-TRVL,Main Line (via Kottayam),NOT_AVAILABLE
CNGR->CYN,CNGR-CYN,Main Line (via Kottayam),NOT_AVAILABLE
CYN->MVLK,CYN-MVLK,Main Line (via Kottayam),NOT_AVAILABLE
MVLK->KYJ,KYJ-MVLK,Main Line (via Kottayam),NOT_AVAILABLE
KYJ->OCR,KYJ-OCR,Main Line (via Kottayam),NOT_AVAILABLE
OCR->KPY,KPY-OCR,Main Line (via Kottayam),NOT_AVAILABLE
KPY->STKT,KPY-STKT,Main Line (via Kottayam),NOT_AVAILABLE
STKT->MQO,MQO-STKT,Main Line (via Kottayam),NOT_AVAILABLE
MQO->PRND,MQO-PRND,Main Line (via Kottayam),NOT_AVAILABLE
PRND->QLN,PRND-QLN,Main Line (via Kottayam),NOT_AVAILABLE
QLN->IRP,IRP-QLN,Main Line (via Kottayam),NOT_AVAILABLE
IRP->MYY,IRP-MYY,Main Line (via Kottayam),NOT_AVAILABLE
MYY->PVU,MYY-PVU,Main Line (via Kottayam),NOT_AVAILABLE
PVU->KFI,KFI-PVU,Main Line (via Kottayam),NOT_AVAILABLE
KFI->EVA,EVA-KFI,Main Line (via Kottayam),NOT_AVAILABLE
EVA->VAK,EVA-VAK,Main Line (via Kottayam),NOT_AVAILABLE
VAK->AMY,AMY-VAK,Main Line (via Kottayam),NOT_AVAILABLE
AMY->KVU,AMY-KVU,Main Line (via Kottayam),NOT_AVAILABLE
KVU->CRY,CRY-KVU,Main Line (via Kottayam),NOT_AVAILABLE
CRY->PGZ,CRY-PGZ,Main Line (via Kottayam),NOT_AVAILABLE
PGZ->MQU,MQU-PGZ,Main Line (via Kottayam),NOT_AVAILABLE
MQU->KXP,KXP-MQU,Main Line (via Kottayam),NOT_AVAILABLE
KXP->KZK,KXP-KZK,Main Line (via Kottayam),NOT_AVAILABLE
KZK->VELI,KZK-VELI,Main Line (via Kottayam),NOT_AVAILABLE
VELI->KCVL,KCVL-VELI,Main Line (via Kottayam),NOT_AVAILABLE
KCVL->TVP,KCVL-TVP,Main Line (via Kottayam),NOT_AVAILABLE
TVP->TVC,TVC-TVP,Main Line (via Kottayam),NOT_AVAILABLE
ERS->KUMM,ERS-KUMM,Coastal Line (Alappuzha),NOT_AVAILABLE
KUMM->AROR,AROR-KUMM,Coastal Line (Alappuzha),NOT_AVAILABLE
AROR->EZP,AROR-EZP,Coastal Line (Alappuzha),NOT_AVAILABLE
EZP->TUVR,EZP-TUVR,Coastal Line (Alappuzha),NOT_AVAILABLE
TUVR->VAY,TUVR-VAY,Coastal Line (Alappuzha),NOT_AVAILABLE
VAY->SRTL,SRTL-VAY,Coastal Line (Alappuzha),NOT_AVAILABLE
SRTL->TRVZ,SRTL-TRVZ,Coastal Line (Alappuzha),NOT_AVAILABLE
TRVZ->MAKM,MAKM-TRVZ,Coastal Line (Alappuzha),NOT_AVAILABLE
MAKM->KAVR,KAVR-MAKM,Coastal Line (Alappuzha),NOT_AVAILABLE
KAVR->TMPY,KAVR-TMPY,Coastal Line (Alappuzha),NOT_AVAILABLE
TMPY->ALLP,ALLP-TMPY,Coastal Line (Alappuzha),NOT_AVAILABLE
ALLP->PNPR,ALLP-PNPR,Coastal Line (Alappuzha),NOT_AVAILABLE
PNPR->AMPA,AMPA-PNPR,Coastal Line (Alappuzha),NOT_AVAILABLE
AMPA->TZHI,AMPA-TZHI,Coastal Line (Alappuzha),NOT_AVAILABLE
TZHI->KVTA,KVTA-TZHI,Coastal Line (Alappuzha),NOT_AVAILABLE
KVTA->HAD,HAD-KVTA,Coastal Line (Alappuzha),NOT_AVAILABLE
HAD->CHPD,CHPD-HAD,Coastal Line (Alappuzha),NOT_AVAILABLE
CHPD->KYJ,CHPD-KYJ,Coastal Line (Alappuzha),NOT_AVAILABLE
TVC->NEM,NEM-TVC,Thiruvananthapuram (TVC) - Kanyakumari (CAPE),NOT_AVAILABLE
NEM->BRAM,BRAM-NEM,Thiruvananthapuram (TVC) - Kanyakumari (CAPE),NOT_AVAILABLE
BRAM->NYY,BRAM-NYY,Thiruvananthapuram (TVC) - Kanyakumari (CAPE),NOT_AVAILABLE
NYY->AMVA,AMVA-NYY,Thiruvananthapuram (TVC) - Kanyakumari (CAPE),NOT_AVAILABLE
AMVA->DAVM,AMVA-DAVM,Thiruvananthapuram (TVC) - Kanyakumari (CAPE),NOT_AVAILABLE
DAVM->PASA,DAVM-PASA,Thiruvananthapuram (TVC) - Kanyakumari (CAPE),NOT_AVAILABLE
PASA->KZTW,KZTW-PASA,Thiruvananthapuram (TVC) - Kanyakumari (CAPE),NOT_AVAILABLE
KZTW->KZT,KZT-KZTW,Thiruvananthapuram (TVC) - Kanyakumari (CAPE),NOT_AVAILABLE
KZT->PYD,KZT-PYD,Thiruvananthapuram (TVC) - Kanyakumari (CAPE),NOT_AVAILABLE
PYD->ERL,ERL-PYD,Thiruvananthapuram (TVC) - Kanyakumari (CAPE),NOT_AVAILABLE
ERL->VRLR,ERL-VRLR,Thiruvananthapuram (TVC) - Kanyakumari (CAPE),NOT_AVAILABLE
VRLR->NJT,NJT-VRLR,Thiruvananthapuram (TVC) - Kanyakumari (CAPE),NOT_AVAILABLE
NJT->NCJ,NCJ-NJT,Thiruvananthapuram (TVC) - Kanyakumari (CAPE),NOT_AVAILABLE
NCJ->SUCH,NCJ-SUCH,Thiruvananthapuram (TVC) - Kanyakumari (CAPE),NOT_AVAILABLE
SUCH->CAPE,CAPE-SUCH,Thiruvananthapuram (TVC) - Kanyakumari (CAPE),NOT_AVAILABLE
TEN->MP,MP-TEN,Tirunelveli (TEN) - Nagercoil (NCJ),NOT_AVAILABLE
MP->SGLM,MP-SGLM,Tirunelveli (TEN) - Nagercoil (NCJ),NOT_AVAILABLE
SGLM->NNN,NNN-SGLM,Tirunelveli (TEN) - Nagercoil (NCJ),NOT_AVAILABLE
NNN->DYS,DYS-NNN,Tirunelveli (TEN) - Nagercoil (NCJ),NOT_AVAILABLE
DYS->VLY,DYS-VLY,Tirunelveli (TEN) - Nagercoil (NCJ),NOT_AVAILABLE
VLY->NPK,NPK-VLY,Tirunelveli (TEN) - Nagercoil (NCJ),NOT_AVAILABLE
NPK->KVLK,KVLK-NPK,Tirunelveli (TEN) - Nagercoil (NCJ),NOT_AVAILABLE
KVLK->AAY,AAY-KVLK,Tirunelveli (TEN) - Nagercoil (NCJ),NOT_AVAILABLE
AAY->THX,AAY-THX,Tirunelveli (TEN) - Nagercoil (NCJ),NOT_AVAILABLE
THX->NCJ,NCJ-THX,Tirunelveli (TEN) - Nagercoil (NCJ),NOT_AVAILABLE
QLN->KLQ,KLQ-QLN,Kollam-Sengottai,NOT_AVAILABLE
KLQ->CTPE,CTPE-KLQ,Kollam-Sengottai,NOT_AVAILABLE
CTPE->KFV,CTPE-KFV,Kollam-Sengottai,NOT_AVAILABLE
KFV->KUV,KFV-KUV,Kollam-Sengottai,NOT_AVAILABLE
KUV->EKN,EKN-KUV,Kollam-Sengottai,NOT_AVAILABLE
EKN->KKZ,EKN-KKZ,Kollam-Sengottai,NOT_AVAILABLE
KKZ->KIF,KIF-KKZ,Kollam-Sengottai,NOT_AVAILABLE
KIF->AVS,AVS-KIF,Kollam-Sengottai,NOT_AVAILABLE
AVS->PUU,AVS-PUU,Kollam-Sengottai,NOT_AVAILABLE
PUU->EDN,EDN-PUU,Kollam-Sengottai,NOT_AVAILABLE
EDN->OKL,EDN-OKL,Kollam-Sengottai,NOT_AVAILABLE
OKL->TML,OKL-TML,Kollam-Sengottai,NOT_AVAILABLE
TML->KRA,KRA-TML,Kollam-Sengottai,NOT_AVAILABLE
KRA->AYV,AYV-KRA,Kollam-Sengottai,NOT_AVAILABLE
AYV->BJM,AYV-BJM,Kollam-Sengottai,NOT_AVAILABLE
BJM->SCT,BJM-SCT,Kollam-Sengottai,NOT_AVAILABLE
DG->ABI,ABI-DG,Dindigul-Madurai-Tirunelveli,NOT_AVAILABLE
ABI->KQN,ABI-KQN,Dindigul-Madurai-Tirunelveli,NOT_AVAILABLE
KQN->VDP,KQN-VDP,Dindigul-Madurai-Tirunelveli,NOT_AVAILABLE
VDP->SDN,SDN-VDP,Dindigul-Madurai-Tirunelveli,NOT_AVAILABLE
SDN->SER,SDN-SER,Dindigul-Madurai-Tirunelveli,NOT_AVAILABLE
SER->KON,KON-SER,Dindigul-Madurai-Tirunelveli,NOT_AVAILABLE
KON->MDU,KON-MDU,Dindigul-Madurai-Tirunelveli,NOT_AVAILABLE
MDU->TDN,MDU-TDN,Dindigul-Madurai-Tirunelveli,NOT_AVAILABLE
TDN->TMQ,TDN-TMQ,Dindigul-Madurai-Tirunelveli,NOT_AVAILABLE
TMQ->KGD,KGD-TMQ,Dindigul-Madurai-Tirunelveli,NOT_AVAILABLE
KGD->VPT,KGD-VPT,Dindigul-Madurai-Tirunelveli,NOT_AVAILABLE
VPT->TY,TY-VPT,Dindigul-Madurai-Tirunelveli,NOT_AVAILABLE
TY->SRT,SRT-TY,Dindigul-Madurai-Tirunelveli,NOT_AVAILABLE
SRT->NLL,NLL-SRT,Dindigul-Madurai-Tirunelveli,NOT_AVAILABLE
NLL->CVP,CVP-NLL,Dindigul-Madurai-Tirunelveli,NOT_AVAILABLE
CVP->KDU,CVP-KDU,Dindigul-Madurai-Tirunelveli,NOT_AVAILABLE
KDU->IVL,IVL-KDU,Dindigul-Madurai-Tirunelveli,NOT_AVAILABLE
IVL->MEJ,IVL-MEJ,Dindigul-Madurai-Tirunelveli,NOT_AVAILABLE
MEJ->NRK,MEJ-NRK,Dindigul-Madurai-Tirunelveli,NOT_AVAILABLE
NRK->GDN,GDN-NRK,Dindigul-Madurai-Tirunelveli,NOT_AVAILABLE
GDN->TAY,GDN-TAY,Dindigul-Madurai-Tirunelveli,NOT_AVAILABLE
TAY->TEN,TAY-TEN,Dindigul-Madurai-Tirunelveli,NOT_AVAILABLE
MDU->MES,MDU-MES,Madurai-Rameswaram,NOT_AVAILABLE
MES->ILA,ILA-MES,Madurai-Rameswaram,NOT_AVAILABLE
ILA->TVN,ILA-TVN,Madurai-Rameswaram,NOT_AVAILABLE
TVN->TPC,TPC-TVN,Madurai-Rameswaram,NOT_AVAILABLE
TPC->RAGM,RAGM-TPC,Madurai-Rameswaram,NOT_AVAILABLE
RAGM->MNM,MNM-RAGM,Madurai-Rameswaram,NOT_AVAILABLE
MNM->SUX,MNM-SUX,Madurai-Rameswaram,NOT_AVAILABLE
SUX->PMK,PMK-SUX,Madurai-Rameswaram,NOT_AVAILABLE
PMK->SQD,PMK-SQD,Madurai-Rameswaram,NOT_AVAILABLE
SQD->RMD,RMD-SQD,Madurai-Rameswaram,NOT_AVAILABLE
RMD->VTV,RMD-VTV,Madurai-Rameswaram,NOT_AVAILABLE
VTV->UCP,UCP-VTV,Madurai-Rameswaram,NOT_AVAILABLE
UCP->MC,MC-UCP,Madurai-Rameswaram,NOT_AVAILABLE
MC->MMM,MC-MMM,Madurai-Rameswaram,NOT_AVAILABLE
MMM->PBM,MMM-PBM,Madurai-Rameswaram,NOT_AVAILABLE
PBM->RMM,PBM-RMM,Madurai-Rameswaram,NOT_AVAILABLE
VPT->TTL,TTL-VPT,Virudhunagar-Sengottai,NOT_AVAILABLE
TTL->SVKS,SVKS-TTL,Virudhunagar-Sengottai,NOT_AVAILABLE
SVKS->SVPR,SVKS-SVPR,Virudhunagar-Sengottai,NOT_AVAILABLE
SVPR->RJPM,RJPM-SVPR,Virudhunagar-Sengottai,NOT_AVAILABLE
RJPM->CPM,CPM-RJPM,Virudhunagar-Sengottai,NOT_AVAILABLE
CPM->SNKL,CPM-SNKL,Virudhunagar-Sengottai,NOT_AVAILABLE
SNKL->PBKS,PBKS-SNKL,Virudhunagar-Sengottai,NOT_AVAILABLE
PBKS->KDNL,KDNL-PBKS,Virudhunagar-Sengottai,NOT_AVAILABLE
KDNL->TSI,KDNL-TSI,Virudhunagar-Sengottai,NOT_AVAILABLE
TSI->SCT,SCT-TSI,Virudhunagar-Sengottai,NOT_AVAILABLE
TEN->TYT,TEN-TYT,Tirunelveli to Sengottai,NOT_AVAILABLE
TYT->PEA,PEA-TYT,Tirunelveli to Sengottai,NOT_AVAILABLE
PEA->SMD,PEA-SMD,Tirunelveli to Sengottai,NOT_AVAILABLE
SMD->KARK,KARK-SMD,Tirunelveli to Sengottai,NOT_AVAILABLE
KARK->VVR,KARK-VVR,Tirunelveli to Sengottai,NOT_AVAILABLE
VVR->KIC,KIC-VVR,Tirunelveli to Sengottai,NOT_AVAILABLE
KIC->ASD,ASD-KIC,Tirunelveli to Sengottai,NOT_AVAILABLE
ASD->KIB,ASD-KIB,Tirunelveli to Sengottai,NOT_AVAILABLE
KIB->AZK,AZK-KIB,Tirunelveli to Sengottai,NOT_AVAILABLE
AZK->RVS,AZK-RVS,Tirunelveli to Sengottai,NOT_AVAILABLE
RVS->KKY,KKY-RVS,Tirunelveli to Sengottai,NOT_AVAILABLE
KKY->MTE,KKY-MTE,Tirunelveli to Sengottai,NOT_AVAILABLE
MTE->PCM,MTE-PCM,Tirunelveli to Sengottai,NOT_AVAILABLE
PCM->KYZ,KYZ-PCM,Tirunelveli to Sengottai,NOT_AVAILABLE
KYZ->TSI,KYZ-TSI,Tirunelveli to Sengottai,NOT_AVAILABLE
TSI->SCT,SCT-TSI,Tirunelveli to Sengottai,NOT_AVAILABLE
TEN->PCO,PCO-TEN,Tirunelveli to Tiruchendur,NOT_AVAILABLE
PCO->SDNR,PCO-SDNR,Tirunelveli to Tiruchendur,NOT_AVAILABLE
SDNR->TTQ,SDNR-TTQ,Tirunelveli to Tiruchendur,NOT_AVAILABLE
TTQ->SVV,SVV-TTQ,Tirunelveli to Tiruchendur,NOT_AVAILABLE
SVV->AWT,AWT-SVV,Tirunelveli to Tiruchendur,NOT_AVAILABLE
AWT->NZT,AWT-NZT,Tirunelveli to Tiruchendur,NOT_AVAILABLE
NZT->KCHV,KCHV-NZT,Tirunelveli to Tiruchendur,NOT_AVAILABLE
KCHV->KZB,KCHV-KZB,Tirunelveli to Tiruchendur,NOT_AVAILABLE
KZB->ANY,ANY-KZB,Tirunelveli to Tiruchendur,NOT_AVAILABLE
ANY->KZY,ANY-KZY,Tirunelveli to Tiruchendur,NOT_AVAILABLE
KZY->TCN,KZY-TCN,Tirunelveli to Tiruchendur,NOT_AVAILABLE
MDU->VAJ,MDU-VAJ,Madurai Junction–Bodinayakanur,NOT_AVAILABLE
VAJ->USLP,USLP-VAJ,Madurai Junction–Bodinayakanur,NOT_AVAILABLE
USLP->ADPT,ADPT-USLP,Madurai Junction–Bodinayakanur,NOT_AVAILABLE
ADPT->TENI,ADPT-TENI,Madurai Junction–Bodinayakanur,NOT_AVAILABLE
TENI->BDNK,BDNK-TENI,Madurai Junction–Bodinayakanur,NOT_AVAILABLE
MEJ->KLPM,KLPM-MEJ,Vanchi Maniyachchi Junction – Tuticorin,NOT_AVAILABLE
KLPM->TIP,KLPM-TIP,Vanchi Maniyachchi Junction – Tuticorin,NOT_AVAILABLE
TIP->MVN,MVN-TIP,Vanchi Maniyachchi Junction – Tuticorin,NOT_AVAILABLE
MVN->TME,MVN-TME,Vanchi Maniyachchi Junction – Tuticorin,NOT_AVAILABLE
TME->TN,TME-TN,Vanchi Maniyachchi Junction – Tuticorin,NOT_AVAILABLE
MNM->NKK,MNM-NKK,Manamadurai-Virudhunagar,NOT_AVAILABLE
NKK->TCH,NKK-TCH,Manamadurai-Virudhunagar,NOT_AVAILABLE
TCH->APK,APK-TCH,Manamadurai-Virudhunagar,NOT_AVAILABLE
APK->VPT,APK-VPT,Manamadurai-Virudhunagar,NOT_AVAILABLE
MNM->MEKM,MEKM-MNM,Manamadurai-Trichy (via Karaikkudi),NOT_AVAILABLE
MEKM->SVGA,MEKM-SVGA,Manamadurai-Trichy (via Karaikkudi),NOT_AVAILABLE
SVGA->PNGI,PNGI-SVGA,Manamadurai-Trichy (via Karaikkudi),NOT_AVAILABLE
PNGI->KAL,KAL-PNGI,Manamadurai-Trichy (via Karaikkudi),NOT_AVAILABLE
KAL->DKO,DKO-KAL,Manamadurai-Trichy (via Karaikkudi),NOT_AVAILABLE
DKO->KKDI,DKO-KKDI,Manamadurai-Trichy (via Karaikkudi),NOT_AVAILABLE
KKDI->KTYR,KKDI-KTYR,Manamadurai-Trichy (via Karaikkudi),NOT_AVAILABLE
KTYR->CTND,CTND-KTYR,Manamadurai-Trichy (via Karaikkudi),NOT_AVAILABLE
CTND->TYM,CTND-TYM,Manamadurai-Trichy (via Karaikkudi),NOT_AVAILABLE
TYM->NMN,NMN-TYM,Manamadurai-Trichy (via Karaikkudi),NOT_AVAILABLE
NMN->PDKT,NMN-PDKT,Manamadurai-Trichy (via Karaikkudi),NOT_AVAILABLE
PDKT->VEL,PDKT-VEL,Manamadurai-Trichy (via Karaikkudi),NOT_AVAILABLE
VEL->KRUR,KRUR-VEL,Manamadurai-Trichy (via Karaikkudi),NOT_AVAILABLE
KRUR->KRMG,KRMG-KRUR,Manamadurai-Trichy (via Karaikkudi),NOT_AVAILABLE
KRMG->TPJ,KRMG-TPJ,Manamadurai-Trichy (via Karaikkudi),NOT_AVAILABLE
VM->TVNL,TVNL-VM,Villupuram-Trichy Chord,NOT_AVAILABLE
TVNL->PRT,PRT-TVNL,Villupuram-Trichy Chord,NOT_AVAILABLE
PRT->ULU,PRT-ULU,Villupuram-Trichy Chord,NOT_AVAILABLE
ULU->PVN,PVN-ULU,Villupuram-Trichy Chord,NOT_AVAILABLE
PVN->VRI,PVN-VRI,Villupuram-Trichy Chord,NOT_AVAILABLE
VRI->VRT,VRI-VRT,Villupuram-Trichy Chord,NOT_AVAILABLE
VRT->PNDM,PNDM-VRT,Villupuram-Trichy Chord,NOT_AVAILABLE
PNDM->ICG,ICG-PNDM,Villupuram-Trichy Chord,NOT_AVAILABLE
ICG->MTUR,ICG-MTUR,Villupuram-Trichy Chord,NOT_AVAILABLE
MTUR->SNDI,MTUR-SNDI,Villupuram-Trichy Chord,NOT_AVAILABLE
SNDI->ALU,ALU-SNDI,Villupuram-Trichy Chord,NOT_AVAILABLE
ALU->SLTH,ALU-SLTH,Villupuram-Trichy Chord,NOT_AVAILABLE
SLTH->KLGM,KLGM-SLTH,Villupuram-Trichy Chord,NOT_AVAILABLE
KLGM->KKPM,KKPM-KLGM,Villupuram-Trichy Chord,NOT_AVAILABLE
KKPM->PMB,KKPM-PMB,Villupuram-Trichy Chord,NOT_AVAILABLE
PMB->KTTR,KTTR-PMB,Villupuram-Trichy Chord,NOT_AVAILABLE
KTTR->LLI,KTTR-LLI,Villupuram-Trichy Chord,NOT_AVAILABLE
LLI->VLDE,LLI-VLDE,Villupuram-Trichy Chord,NOT_AVAILABLE
VLDE->BXS,BXS-VLDE,Villupuram-Trichy Chord,NOT_AVAILABLE
BXS->UKV,BXS-UKV,Villupuram-Trichy Chord,NOT_AVAILABLE
UKV->SRGM,SRGM-UKV,Villupuram-Trichy Chord,NOT_AVAILABLE
SRGM->TPTN,SRGM-TPTN,Villupuram-Trichy Chord,NOT_AVAILABLE
TPTN->GOC,GOC-TPTN,Villupuram-Trichy Chord,NOT_AVAILABLE
GOC->TPJ,GOC-TPJ,Villupuram-Trichy Chord,NOT_AVAILABLE
VM->VRA,VM-VRA,Main Line (VM-MV-TPJ),NOT_AVAILABLE
VRA->TDPR,TDPR-VRA,Main Line (VM-MV-TPJ),NOT_AVAILABLE
TDPR->CUPJ,CUPJ-TDPR,Main Line (VM-MV-TPJ),NOT_AVAILABLE
CUPJ->ALP,ALP-CUPJ,Main Line (VM-MV-TPJ),NOT_AVAILABLE
ALP->PO,ALP-PO,Main Line (VM-MV-TPJ),NOT_AVAILABLE
PO->KII,KII-PO,Main Line (VM-MV-TPJ),NOT_AVAILABLE
KII->CDM,CDM-KII,Main Line (VM-MV-TPJ),NOT_AVAILABLE
CDM->VMP,CDM-VMP,Main Line (VM-MV-TPJ),NOT_AVAILABLE
VMP->CLN,CLN-VMP,Main Line (VM-MV-TPJ),NOT_AVAILABLE
CLN->SY,CLN-SY,Main Line (VM-MV-TPJ),NOT_AVAILABLE
SY->VDL,SY-VDL,Main Line (VM-MV-TPJ),NOT_AVAILABLE
VDL->ANP,ANP-VDL,Main Line (VM-MV-TPJ),NOT_AVAILABLE
ANP->NID,ANP-NID,Main Line (VM-MV-TPJ),NOT_AVAILABLE
NID->MV,MV-NID,Main Line (VM-MV-TPJ),NOT_AVAILABLE
MV->KTM,KTM-MV,Main Line (VM-MV-TPJ),NOT_AVAILABLE
KTM->NPT,KTM-NPT,Main Line (VM-MV-TPJ),NOT_AVAILABLE
NPT->ADT,ADT-NPT,Main Line (VM-MV-TPJ),NOT_AVAILABLE
ADT->TRM,ADT-TRM,Main Line (VM-MV-TPJ),NOT_AVAILABLE
TRM->TRR,TRM-TRR,Main Line (VM-MV-TPJ),NOT_AVAILABLE
TRR->KMU,KMU-TRR,Main Line (VM-MV-TPJ),NOT_AVAILABLE
KMU->DSM,DSM-KMU,Main Line (VM-MV-TPJ),NOT_AVAILABLE
DSM->SWI,DSM-SWI,Main Line (VM-MV-TPJ),NOT_AVAILABLE
SWI->SPL,SPL-SWI,Main Line (VM-MV-TPJ),NOT_AVAILABLE
SPL->PML,PML-SPL,Main Line (VM-MV-TPJ),NOT_AVAILABLE
PML->PDV,PDV-PML,Main Line (VM-MV-TPJ),NOT_AVAILABLE
PDV->AZP,AZP-PDV,Main Line (VM-MV-TPJ),NOT_AVAILABLE
AZP->PVL,AZP-PVL,Main Line (VM-MV-TPJ),NOT_AVAILABLE
PVL->TT,PVL-TT,Main Line (VM-MV-TPJ),NOT_AVAILABLE
TT->TJ,TJ-TT,Main Line (VM-MV-TPJ),NOT_AVAILABLE
TJ->ALK,ALK-TJ,Main Line (VM-MV-TPJ),NOT_AVAILABLE
ALK->BAL,ALK-BAL,Main Line (VM-MV-TPJ),NOT_AVAILABLE
BAL->AYN,AYN-BAL,Main Line (VM-MV-TPJ),NOT_AVAILABLE
AYN->SGM,AYN-SGM,Main Line (VM-MV-TPJ),NOT_AVAILABLE
SGM->TOM,SGM-TOM,Main Line (VM-MV-TPJ),NOT_AVAILABLE
TOM->TRB,TOM-TRB,Main Line (VM-MV-TPJ),NOT_AVAILABLE
TRB->MCJ,MCJ-TRB,Main Line (VM-MV-TPJ),NOT_AVAILABLE
MCJ->GOC,GOC-MCJ,Main Line (VM-MV-TPJ),NOT_AVAILABLE
GOC->TPJ,GOC-TPJ,Main Line (VM-MV-TPJ),NOT_AVAILABLE
TJ->KXO,KXO-TJ,Thanjavur-Karaikal-Velankanni,NOT_AVAILABLE
KXO->SMM,KXO-SMM,Thanjavur-Karaikal-Velankanni,NOT_AVAILABLE
SMM->AMT,AMT-SMM,Thanjavur-Karaikal-Velankanni,NOT_AVAILABLE
AMT->KYV,AMT-KYV,Thanjavur-Karaikal-Velankanni,NOT_AVAILABLE
KYV->NMJ,KYV-NMJ,Thanjavur-Karaikal-Velankanni,NOT_AVAILABLE
NMJ->KDE,KDE-NMJ,Thanjavur-Karaikal-Velankanni,NOT_AVAILABLE
KDE->TMU,KDE-TMU,Thanjavur-Karaikal-Velankanni,NOT_AVAILABLE
TMU->KU,KU-TMU,Thanjavur-Karaikal-Velankanni,NOT_AVAILABLE
KU->TVR,KU-TVR,Thanjavur-Karaikal-Velankanni,NOT_AVAILABLE
TVR->AYM,AYM-TVR,Thanjavur-Karaikal-Velankanni,NOT_AVAILABLE
AYM->KOQ,AYM-KOQ,Thanjavur-Karaikal-Velankanni,NOT_AVAILABLE
KOQ->SKK,KOQ-SKK,Thanjavur-Karaikal-Velankanni,NOT_AVAILABLE
SKK->NGT,NGT-SKK,Thanjavur-Karaikal-Velankanni,NOT_AVAILABLE
NGT->APE,APE-NGT,Thanjavur-Karaikal-Velankanni,NOT_AVAILABLE
APE->NCR,APE-NCR,Thanjavur-Karaikal-Velankanni,NOT_AVAILABLE
NCR->TMPT,NCR-TMPT,Thanjavur-Karaikal-Velankanni,NOT_AVAILABLE
TMPT->KIK,KIK-TMPT,Thanjavur-Karaikal-Velankanni,NOT_AVAILABLE
KIK->VLNK,KIK-VLNK,Thanjavur-Karaikal-Velankanni,NOT_AVAILABLE
VM->VKM,VKM-VM,Villupuram-Katpadi Branch,NOT_AVAILABLE
VKM->MMP,MMP-VKM,Villupuram-Katpadi Branch,NOT_AVAILABLE
MMP->AYD,AYD-MMP,Villupuram-Katpadi Branch,NOT_AVAILABLE
AYD->TRK,AYD-TRK,Villupuram-Katpadi Branch,NOT_AVAILABLE
TRK->ACN,ACN-TRK,Villupuram-Katpadi Branch,NOT_AVAILABLE
ACN->AND,ACN-AND,Villupuram-Katpadi Branch,NOT_AVAILABLE
AND->TNI,AND-TNI,Villupuram-Katpadi Branch,NOT_AVAILABLE
TNI->TNM,TNI-TNM,Villupuram-Katpadi Branch,NOT_AVAILABLE
TNM->TJM,TJM-TNM,Villupuram-Katpadi Branch,NOT_AVAILABLE
TJM->AGM,AGM-TJM,Villupuram-Katpadi Branch,NOT_AVAILABLE
AGM->PRL,AGM-PRL,Villupuram-Katpadi Branch,NOT_AVAILABLE
PRL->ARV,ARV-PRL,Villupuram-Katpadi Branch,NOT_AVAILABLE
ARV->MCL,ARV-MCL,Villupuram-Katpadi Branch,NOT_AVAILABLE
MCL->SDPT,MCL-SDPT,Villupuram-Katpadi Branch,NOT_AVAILABLE
SDPT->OPM,OPM-SDPT,Villupuram-Katpadi Branch,NOT_AVAILABLE
OPM->KMM,KMM-OPM,Villupuram-Katpadi Branch,NOT_AVAILABLE
KMM->KNB,KMM-KNB,Villupuram-Katpadi Branch,NOT_AVAILABLE
KNB->PNTR,KNB-PNTR,Villupuram-Katpadi Branch,NOT_AVAILABLE
PNTR->VLR,PNTR-VLR,Villupuram-Katpadi Branch,NOT_AVAILABLE
VLR->KPD,KPD-VLR,Villupuram-Katpadi Branch,NOT_AVAILABLE
KKDI->KNPL,KKDI-KNPL,Karaikkudi-Tiruvarur,NOT_AVAILABLE
KNPL->VMM,KNPL-VMM,Karaikkudi-Tiruvarur,NOT_AVAILABLE
VMM->ATQ,ATQ-VMM,Karaikkudi-Tiruvarur,NOT_AVAILABLE
ATQ->AYI,ATQ-AYI,Karaikkudi-Tiruvarur,NOT_AVAILABLE
AYI->PVI,AYI-PVI,Karaikkudi-Tiruvarur,NOT_AVAILABLE
PVI->PKT,PKT-PVI,Karaikkudi-Tiruvarur,NOT_AVAILABLE
PKT->AMM,AMM-PKT,Karaikkudi-Tiruvarur,NOT_AVAILABLE
AMM->MTT,AMM-MTT,Karaikkudi-Tiruvarur,NOT_AVAILABLE
MTT->TAM,MTT-TAM,Karaikkudi-Tiruvarur,NOT_AVAILABLE
TAM->TTP,TAM-TTP,Karaikkudi-Tiruvarur,NOT_AVAILABLE
TTP->ATB,ATB-TTP,Karaikkudi-Tiruvarur,NOT_AVAILABLE
ATB->MNLI,ATB-MNLI,Karaikkudi-Tiruvarur,NOT_AVAILABLE
MNLI->AMNR,AMNR-MNLI,Karaikkudi-Tiruvarur,NOT_AVAILABLE
AMNR->TNK,AMNR-TNK,Karaikkudi-Tiruvarur,NOT_AVAILABLE
TNK->MARD,MARD-TNK,Karaikkudi-Tiruvarur,NOT_AVAILABLE
MARD->MAX,MARD-MAX,Karaikkudi-Tiruvarur,NOT_AVAILABLE
MAX->TVR,MAX-TVR,Karaikkudi-Tiruvarur,NOT_AVAILABLE
VM->CBU,CBU-VM,Villupuram-Puducherry,NOT_AVAILABLE
CBU->VI,CBU-VI,Villupuram-Puducherry,NOT_AVAILABLE
VI->PDY,PDY-VI,Villupuram-Puducherry,NOT_AVAILABLE
NMJ->MQ,MQ-NMJ,Nidamangalam-Mannargudi,NOT_AVAILABLE
MV->PEM,MV-PEM,Mayiladuthurai to Thiruvarur,NOT_AVAILABLE
PEM->POM,PEM-POM,Mayiladuthurai to Thiruvarur,NOT_AVAILABLE
POM->NNM,NNM-POM,Mayiladuthurai to Thiruvarur,NOT_AVAILABLE
NNM->TVR,NNM-TVR,Mayiladuthurai to Thiruvarur,NOT_AVAILABLE
PEM->ABT,ABT-PEM,Peralam to Karaikal,NOT_AVAILABLE
ABT->PCD,ABT-PCD,Peralam to Karaikal,NOT_AVAILABLE
PCD->TXR,PCD-TXR,Peralam to Karaikal,NOT_AVAILABLE
TXR->KVPT,KVPT-TXR,Peralam to Karaikal,NOT_AVAILABLE
KVPT->KIK,KIK-KVPT,Peralam to Karaikal,NOT_AVAILABLE
